"species","frame_number","x","y","sequence_id","number_of_points","still_file","Path","site_id","CT_serial_number","Folder","xdim","ydim","cam_id","file_name","file_id","Time","Date","PA_cat","Dig","radius","angle","pixdiff","dist","time","speed","frames"
"Lt",0,257.3333333,347.5555556,"OCCAJ01_1",7,"a(24)_01.jpeg","F:\Stills\RPPNP\OCCAJ01Stills\","OCCAJ01","B110816640","OCCAJ01Stills",640,480,"B11","a(24)","a(24)_OCCAJ01","08:01:58","15/08/2015","strict","Y",2.23436668731845,-0.0753052729040782,314.292138882094,0.909711350193906,4,0.227427837548477,7
"Mt",22,335.5555556,325.3333333,"OCCAJ01_3",6,"PICT0020_01.jpeg","F:\Stills\RPPNP\OCCAJ01Stills\","OCCAJ01","B110816640","OCCAJ01Stills",640,480,"B11","PICT0020","PICT0020_OCCAJ01","08:55:08","26/09/2015","strict","Y",2.71285718348304,0.018692798282066,52.4821715727383,0.60619748540412,10.5,0.0577330938480114,6
"Lt",27,446.5330102,355.0098334,"OCCAJ04_5",3,"a(51)_01.jpeg","F:\Stills\RPPNP\OCCAJ04Stills\","OCCAJ04","B121000651","OCCAJ04Stills",640,480,"B12","a(51)","a(51)_OCCAJ04","10:25:52","28/08/2015","strict","Y",2.05780376980964,0.15187653218722,167.893116582116,0.456640045071462,1,0.456640045071462,3
"Lt",22,422.700863,399.4624409,"OCCAJ11_2",3,"a(7)_01.jpeg","F:\Stills\RPPNP\OCCAJ11Stills\","OCCAJ11","B131000470","OCCAJ11Stills",720,480,"B13","a(7)","a(7)_OCCAJ11","22:27:26","14/08/2015","strict","Y",1.67454870391426,0.0671700063758008,287.247783377251,0.521683853221254,1,0.521683853221254,3
"Lt",44,209.3792918,356.344251,"OCCAJ11_4",7,"EK000002_01.jpeg","F:\Stills\RPPNP\OCCAJ11Stills\","OCCAJ11","B131000470","OCCAJ11Stills",720,480,"B13","EK000002","EK000002_OCCAJ11","00:35:18","13/09/2015","strict","Y",2.34816000890751,-0.161356533962246,442.786391466932,1.29510239673002,3,0.431700798910006,7
"Lt",66,146.3432156,358.5599158,"OCCAJ11_6",6,"EK000007_01.jpeg","F:\Stills\RPPNP\OCCAJ11Stills\","OCCAJ11","B131000470","OCCAJ11Stills",720,480,"B13","EK000007","EK000007_OCCAJ11","01:25:58","22/09/2015","strict","Y",2.37696309271767,-0.228885646603957,493.760675329517,1.34000442748849,2.5,0.536001770995395,6
"Mt",0,362.2222222,324.4444444,"OCCAJ13_1",8,"a(3)_01.jpeg","F:\Stills\RPPNP\OCCAJ13Stills\","OCCAJ13","B140415863","OCCAJ13Stills",640,480,"B14","a(3)","a(3)_OCCAJ13","21:06","06/08/2015","strict","Y",3.64576106157326,0.0511848113816995,98.4804641795854,0.621074198762125,10.5,0.059149923691631,8
"Da",101,192.1895812,383.9292314,"OCCAJ17_19",11,"a(23)_01.jpeg","F:\Stills\RPPNP\OCCAJ17Stills\","OCCAJ17","B110817581","OCCAJ17Stills",640,480,"B11","a(23)","a(23)_OCCAJ17","21:25:52","14/08/2015","strict","Y",1.97548787304703,-0.153587209509558,290.285066028091,0.963265680170029,10.5,0.0917395885876219,11
"Lt",0,481.3333333,394.6666667,"OCCAJ26_1",5,"a(592)_01.jpeg","F:\Stills\RPPNP\OCCAJ26Stills\","OCCAJ26","B100081557","OCCAJ26Stills",720,480,"B10","a(592)","a(592)_OCCAJ26","23:56:50","26/08/2015","strict","Y",1.31283696558436,0.130178797128386,237.802425698858,0.499571709822599,2,0.2497858549113,5
"Mt",14,652.4849019,397.1492264,"OCCAJ32_1",5,"a(5)_15.jpeg","F:\Stills\RPPNP\OCCAJ32Stills\","OCCAJ32","B121001275","OCCAJ32Stills",640,480,"B12","a(5)","a(5)_OCCAJ32","fail","07/08/2015","strict","Y",1.84599277957465,0.399078895107009,85.8385315943868,0.197280884236103,3.5,0.0563659669246009,5
"Mt",0,396.8888889,447.1111111,"OCCAJ35_1",12,"PICT0005_01.jpeg","F:\Stills\RPPNP\OCCAJ35Stills\","OCCAJ35","B120101027","OCCAJ35Stills",640,480,"B12","PICT0005","PICT0005_OCCAJ35","23:32:02","09/09/2015","strict","Y",1.2415687090902,0.0922891014084197,232.567366878813,1.68672765929949,8.5,0.198438548152881,12
"Lt",0,606.0002787,322.8711984,"OCCAJ39_1",3,"a(08)_01.jpeg","F:\Stills\RPPNP\OCCAJ39Stills\","OCCAJ39","B100815620","OCCAJ39Stills",640,480,"B10","a(8)","a(8)_OCCAJ39","04:29:26","13/08/2015","strict","Y",2.05466186916623,0.345206611017854,35.5327224924614,0.112763538901934,1,0.112763538901934,3
"Lt",21,477.4248417,372.1042765,"OCCAJ39_3",8,"a(11)_01.jpeg","F:\Stills\RPPNP\OCCAJ39Stills\","OCCAJ39","B100815620","OCCAJ39Stills",640,480,"B10","a(11)","a(11)_OCCAJ39","18:10:58","13/08/2015","strict","Y",1.51092749426646,0.190014136840347,148.850545262689,0.726388942399319,4,0.18159723559983,8
"Mt",97,643.6470648,284.9931649,"OCCAJ39_7",5,"PICT0026_14.jpeg","F:\Stills\RPPNP\OCCAJ39Stills\","OCCAJ39","B100815620","OCCAJ39Stills",640,480,"B10","PICT0026","PICT0026_OCCAJ39","03:49:50","27/09/2015","strict","Y",2.69183999776564,0.39064684451821,55.2153271963197,0.205052172998402,3.5,0.0585863351424005,5
"Mt",105,247.2026183,225.437609,"OCCAJ39_9",7,"PICT0027_01.jpeg","F:\Stills\RPPNP\OCCAJ39Stills\","OCCAJ39","B100815620","OCCAJ39Stills",640,480,"B10","PICT0027","PICT0027_OCCAJ39","03:50:40","27/09/2015","strict","Y",2.97881403559801,-0.0878675277585669,232.273918918453,0.998180648513308,10,0.0998180648513308,7
"Lt",0,386.2222222,367.1111111,"OCCL03_1",6,"b(8)_01.jpeg","F:\Stills\Catule\OCCL03Stills\","OCCL03","B121001275","OCCL03Stills",720,480,"B12","b(8)","b(8)_OCCL03","22:59:52","24/05/2016","multiple-use","Y",2.75585556118285,0.0279771713690196,445.5162958812,1.33383327949013,2.5,0.53353331179605,6
"Lt",25,569.3679914,361.175943,"OCCL03_3",3,"PICT0033_04.jpeg","F:\Stills\Catule\OCCL03Stills\","OCCL03","B121001275","OCCL03Stills",720,480,"B12","PICT0033","PICT0033_OCCL03","23:08:22","12/05/2016","multiple-use","Y",2.70175219026947,0.223380159389589,121.859057131381,0.369106026869849,1,0.369106026869849,3
"Mt",0,247.5555556,420.4444444,"OCCL10_1",8,"EK000008_01.jpeg","F:\Stills\Catule\OCCL10Stills\","OCCL10","B131200715","OCCL10Stills",720,480,"B13","EK000008","EK000008_OCCL10","17:24:04","08/05/2016","multiple-use","Y",1.76024479890049,-0.120459172105356,172.622165594181,0.466396706489445,9.5,0.0490943901567836,8
"Lt",5,245.7777778,388.4444444,"OCCL12_1",10,"b(2)_06.jpeg","F:\Stills\Catule\OCCL12Stills\","OCCL12","B140415863","OCCL12Stills",720,480,"B14","b(2)","b(2)_OCCL12","05:23:34","25/05/2016","multiple-use","Y",1.79258511206875,-0.123083008462793,655.983471232499,1.18543639641047,4.5,0.263430310313439,10
"Lt",1,651.1111111,306.6666667,"OCCL14_1",2,"b(14)_02.jpeg","F:\Stills\Catule\OCCL14Stills\","OCCL14","B131200419","OCCL14Stills",720,480,"B13","b(14)","b(14)_OCCL14","23:02:38","12/06/2016","multiple-use","Y",2.82268611515759,0.311860702597561,83.3282961658653,0.559221236153167,1,0.559221236153167,2
"Lt",159,614.7274063,433.0775096,"OCCL14_11",5,"EK000027_08.jpeg","F:\Stills\Catule\OCCL14Stills\","OCCL14","B131200419","OCCL14Stills",720,480,"B13","EK000027","EK000027_OCCL14","17:35:16","09/05/2016","multiple-use","Y",1.41878608086583,0.272883668367726,674.012058222389,0.966516202604391,2,0.483258101302196,5
"Lt",44,592.5863996,279.3928747,"OCCL14_4",10,"EK000012_01.jpeg","F:\Stills\Catule\OCCL14Stills\","OCCL14","B131200419","OCCL14Stills",720,480,"B13","EK000012","EK000012_OCCL14","20:12:40","24/04/2016","multiple-use","Y",3.50118226475941,0.249164512202273,604.279203646227,2.69395841947563,4.5,0.59865742655014,10
"Lt",66,649.8925347,313.2555909,"OCCL14_6",2,"EK000014_01.jpeg","F:\Stills\Catule\OCCL14Stills\","OCCL14","B131200419","OCCL14Stills",720,480,"B13","EK000014","EK000014_OCCL14","11:34:30","30/04/2016","multiple-use","Y",2.68475669465558,0.310555269456117,119.38225576578,0.56789008756995,0.5,1.1357801751399,2
"Lt",131,343.825677,440.8919826,"OCCL14_9",6,"EK000026_01.jpeg","F:\Stills\Catule\OCCL14Stills\","OCCL14","B131200419","OCCL14Stills",720,480,"B13","EK000026","EK000026_OCCL14","17:31:40","09/05/2016","multiple-use","Y",1.32494543544898,-0.0173271838225618,174.616089832602,1.58529747380141,5.5,0.288235904327528,6
"Lt",10,60,390.2222222,"OCCL18_1",2,"PICT0003_11.jpeg","F:\Stills\Catule\OCCL18Stills\","OCCL18","B121018018","OCCL18Stills",720,480,"B12","PICT0003","PICT0003_OCCL18","02:43:28","15/04/2016","multiple-use","Y",1.58822098204499,-0.320077808306647,61.5647807020576,0.112993429931692,0.5,0.225986859863384,2
"Lt",0,252.8888889,248,"OCCL20_1",4,"b(22)_01.jpeg","F:\Stills\Catule\OCCL20Stills\","OCCL20","B131000482","OCCL20Stills",720,480,"B13","b(22)","b(22)_OCCL20","18:44:54","07/06/2016","multiple-use","Y",1.97697723232808,-0.114745693619976,49.7676865108246,0.598349424345622,1.5,0.398899616230414,4
"Lt",0,82.22222222,328,"OCCL22_1",3,"b(8)_01.jpeg","F:\Stills\Catule\OCCL22Stills\","OCCL22","B110309357","OCCL22Stills",720,480,"B11","b(8)","b(8)_OCCL22","03:28:20","15/06/2016","multiple-use","Y",3.78610917708612,-0.296711082996945,81.616487127692,1.19524090300812,1,1.19524090300812,3
"Lt",42,91.39268744,301.2754431,"OCCL22_4",3,"PICT0013_01.jpeg","F:\Stills\Catule\OCCL22Stills\","OCCL22","B110309357","OCCL22Stills",720,480,"B11","PICT0013","PICT0013_OCCL22","03:22:42","15/05/2016","multiple-use","Y",11.1720180423187,-0.28691555979578,49.507297574151,23.7053565127941,1,23.7053565127941,3
"Lt",0,310.6666667,229.3333333,"OCCL30_1",8,"b(11)_01.jpeg","F:\Stills\Catule\OCCL30Stills\","OCCL30","B140806204","OCCL30Stills",720,480,"B14","b(11)","b(11)_OCCL30","03:20:36","06/06/2016","multiple-use","Y",3.12419237915508,-0.0531603654972637,328.140598322134,1.38939929141647,3.5,0.396971226118991,8
"Lt",0,379.1111111,272,"OCCL31_1",8,"b(36)_01.jpeg","F:\Stills\Catule\OCCL31Stills\","OCCL31","B100825112","OCCL31Stills",720,480,"B10","b(36)","b(36)_OCCL31","23:47:56","08/06/2016","multiple-use","Y",2.97828940427056,0.0205043526549595,315.07514900049,1.92910747261892,6,0.321517912103153,8
"Lt",0,425.3333333,355.5555556,"OCCL39_1",15,"b(9)_01.jpeg","F:\Stills\Catule\OCCL39Stills\","OCCL39","B120100832","OCCL39Stills",720,480,"B12","b(9)","b(9)_OCCL39","08:17:20","12/06/2016","multiple-use","Y",1.56806826908429,0.0697058337734388,224.610357911187,5.99974796703956,9,0.666638663004395,15
"Lt",0,664,303.1111111,"OCCL42_1",4,"PICT0023_01.jpeg","F:\Stills\Catule\OCCL42Stills\","OCCL42","B110307281","OCCL42Stills",720,480,"B11","PICT0023","PICT0023_OCCL42","22:37:16","19/04/2016","multiple-use","Y",1.50057734554957,0.324720609229259,196.268194645842,0.322220088882678,5,0.0644440177765355,4
"Lt",0,184.8888889,289.7777778,"OCCL46_1",10,"b(3)_01.jpeg","F:\Stills\Catule\OCCL46Stills\","OCCL46","B130904560","OCCL46Stills",720,480,"B13","b(3)","b(3)_OCCL46","18:20:10","04/06/2016","multiple-use","Y",2.63691794289392,-0.187592544763866,105.450011355856,1.95194686534845,5.5,0.354899430063354,10
"Lt",22,480,277.3333333,"OCCL49_2",5,"PICT0067_01.jpeg","F:\Stills\Catule\OCCL49Stills\","OCCL49","","OCCL49Stills",720,480,"B12","PICT0067","PICT0067_OCCL49","03:15:54","08/05/2016","multiple-use","Y",2.17418342024858,0.128031123322659,28.0249009069632,0.226457240492685,3.5,0.0647020687121956,5
"Lt",64,533.3333333,405.3333333,"OCCL49_4",9,"PICT0082_01.jpeg","F:\Stills\Catule\OCCL49Stills\","OCCL49","","OCCL49Stills",720,480,"B12","PICT0082","PICT0082_OCCL49","05:08:10","18/05/2016","multiple-use","Y",0.872681256970584,0.184933844763832,157.962502101191,1.01372502252567,4,0.253431255631417,9
"Lt",0,628.4444444,387.5555556,"OCCL53_1",2,"EK000006_01.jpeg","F:\Stills\Catule\OCCL53Stills\","OCCL53","B131200426","OCCL53Stills",720,480,"B13","EK000006","EK000006_OCCL53","01:39:40","29/04/2016","multiple-use","Y",1.40776849735971,0.287578418847222,98.6666803000015,0.149561751771621,4,0.0373904379429051,2
"Lt",0,451.5555556,201.7777778,"OCCL59_1",4,"b(4)_01.jpeg","F:\Stills\Catule\OCCL59Stills\","OCCL59","B121000651","OCCL59Stills",720,480,"B12","b(4)","b(4)_OCCL59","21:00:04","04/06/2016","multiple-use","Y",4.72589693489176,0.097683005249151,281.927946597686,1.55223802756268,1.5,1.03482535170845,4
"Da",111,646.652783,297.4906723,"OCCL60_38",8,"EK000005_02.jpeg","F:\Stills\Catule\OCCL60Stills\","OCCL60","B131000470","OCCL60Stills",720,480,"B13","EK000005","EK000005_OCCL60","20:07:32","26/04/2016","multiple-use","Y",2.04769131264698,0.307084597252689,139.57707556279,0.735450669013294,7,0.105064381287613,8
"Da",154,515.6604226,318.1217829,"OCCL60_42",4,"EK000007_01.jpeg","F:\Stills\Catule\OCCL60Stills\","OCCL60","B131000470","OCCL60Stills",720,480,"B13","EK000007","EK000007_OCCL60","20:09:04","26/04/2016","multiple-use","Y",1.81611642052735,0.166755465207901,113.255536327799,0.518440677758113,1.5,0.345627118505409,4
"Lt",176,483.4396519,303.0118533,"OCCL60_44",5,"EK000010_01.jpeg","F:\Stills\Catule\OCCL60Stills\","OCCL60","B131000470","OCCL60Stills",720,480,"B13","EK000010","EK000010_OCCL60","01:11:22","04/05/2016","multiple-use","Y",2.06212546870145,0.132238087459014,124.656753323989,0.464008597821944,2,0.232004298910972,5
"Lt",20,265.1905082,264.9242913,"OCCL68_2",6,"PICT0051_01.jpeg","F:\Stills\Catule\OCCL68Stills\","OCCL68","B101028533","OCCL68Stills",720,480,"B10","PICT0051","PICT0051_OCCL68","04:26:30","11/05/2016","multiple-use","Y",2.27981371629395,-0.101721309908804,210.187061966218,0.945154804131939,9.5,0.0994899793823094,6
"Lt",0,127.1402227,192.1299927,"OCGB01_1",3,"PICT0007_01.jpeg","F:\Stills\GB_OC\OCGB01Stills\","OCGB01","B121000631","OCGB01Stills",720,480,"B12","PICT0007","PICT0007_OCGB01","05:58","30/06/2017","multiple-use","Y",2.71840907458726,-0.248444157203193,140.248298906039,0.543119692180669,1,0.543119692180669,3
"Mt",88,559.1168671,397.6526663,"OCGB03_3",5,"PICT0011_01.jpeg","F:\Stills\GB_OC\OCGB03Stills\","OCGB03","B121000676","OCGB03Stills",720,480,"B12","PICT0011","PICT0011_OCGB03","23:20","19/07/2017","multiple-use","Y",1.11405395854676,0.212442968060846,263.734612544461,0.312254088236251,2,0.156127044118125,5
"Lt",0,702.2222222,304,"OCGB05_1",4,"PICT0007_01.jpeg","F:\Stills\GB_OC\OCGB05Stills\","OCGB05","B100815620","OCGB05Stills",720,480,"B10","PICT0007","PICT0007_OCGB05","07:30","01/07/2017","multiple-use","Y",1.74324254237153,0.367170966336579,40.9944430283181,0.0861565486045327,3.5,0.0246161567441522,4
"Lt",0,470.4465363,277.5382585,"OCGB17_1",10,"PICT0011_01.jpeg","F:\Stills\GB_OC\OCGB17Stills\","OCGB17","B121000481","OCGB17Stills",720,480,"B12","PICT0011","PICT0011_OCGB17","17:51","13/07/2017","multiple-use","Y",5.20546598147711,0.117838284246548,75.2601081764259,42.0525083099282,5,8.41050166198563,10
"Lt",22,464.4485274,275.7752426,"OCGB17_3",10,"PICT0021_01.jpeg","F:\Stills\GB_OC\OCGB17Stills\","OCGB17","B121000481","OCGB17Stills",720,480,"B12","PICT0021","PICT0021_OCGB17","21:53","08/08/2017","multiple-use","Y",5.39187005112971,0.111438852436829,80.8415002852471,28.4332256234968,5.5,5.16967738609032,10
"Lt",0,281.7777778,273.7777778,"OCGB18_1",14,"PICT0004_01.jpeg","F:\Stills\GB_OC\OCGB18Stills\","OCGB18","B120102X88","OCGB18Stills",720,480,"B12","PICT0004","PICT0004_OCGB18","23:49","28/06/2017","multiple-use","Y",3.75255267241229,-0.0834573248088383,249.96019276745,4.56564106625216,6.5,0.702406317884948,14
"Lt",42,213.3333333,304,"OCGB18_4",17,"PICT0024_01.jpeg","F:\Stills\GB_OC\OCGB18Stills\","OCGB18","B120102X88","OCGB18Stills",720,480,"B12","PICT0024","PICT0024_OCGB18","00:06","12/08/2017","multiple-use","Y",2.76924384669891,-0.156482484096591,207.327999123515,4.75763200005376,10.5,0.453107809528929,17
"Lt",0,404,267.5555556,"OCGB43_1",3,"EK000008_01.jpeg","F:\Stills\GB_OC\OCGB43Stills\","OCGB43","B131200699","OCGB43Stills",720,480,"B13","EK000008","EK000008_OCGB43","23:33","26/06/2017","multiple-use","Y",2.15588213239379,0.0471361977989878,304.953601002329,0.731521982778869,1,0.731521982778869,3
"Lt",22,92,222.2222222,"OCGB43_3",3,"EK000016_01.jpeg","F:\Stills\GB_OC\OCGB43Stills\","OCGB43","B131200699","OCGB43Stills",720,480,"B13","EK000016","EK000016_OCGB43","21:57","19/07/2017","multiple-use","Y",3.29272219721948,-0.287102295684744,93.4414655616286,0.923327404116344,1,0.923327404116344,3
"Lt",0,322.2222222,275.5555556,"OCGB48_1",17,"PICT0036_01.jpeg","F:\Stills\GB_OC\OCGB48Stills\","OCGB48","B121018018","OCGB48Stills",720,480,"B12","PICT0036","PICT0036_OCGB48","23:58","25/07/2017","multiple-use","Y",2.2259049788294,-0.040306094403065,205.879812737127,2.3894017351239,8.5,0.281106086485165,17
"Lt",0,280.4444444,310.2222222,"OCGB49_1",14,"EK000009_01.jpeg","F:\Stills\GB_OC\OCGB49Stills\","OCGB49","B140926276","OCGB49Stills",720,480,"B14","EK000009","EK000009_OCGB49","06:18","04/07/2017","multiple-use","Y",5.42015441293568,-0.0857270759977997,266.765062778946,2.59786030056152,7,0.371122900080217,14
"Lt",44,218.2908745,323.8041556,"OCGB49_4",4,"EK000068_01.jpeg","F:\Stills\GB_OC\OCGB49Stills\","OCGB49","B140926276","OCGB49Stills",720,480,"B14","EK000068","EK000068_OCGB49","22:41","16/08/2017","multiple-use","Y",4.68898183536976,-0.15270220765475,231.883760191338,2.21070624943495,1.5,1.47380416628996,4
"Da",0,440.4444444,345.7777778,"OCGSV01_1",10,"a(13)_01.jpeg","F:\Stills\PNGSV\OCGSV01Stills\","OCGSV01","B121000481","OCGSV01Stills",720,480,"B12","a(13)","a(13)_OCGSV01","18:05","26/05/2017","strict","Y",2.0659967278535,0.0858282715133263,218.740628855875,1.21873362728048,10.5,0.116069869264807,10
"Da",110,466.2222222,338.6666667,"OCGSV01_11",9,"PICT0071_01.jpeg","F:\Stills\PNGSV\OCGSV01Stills\","OCGSV01","B121000481","OCGSV01Stills",720,480,"B12","PICT0071","PICT0071_OCGSV01","17:48","29/04/2017","strict","Y",2.15009553952333,0.113331253584125,255.084752419979,0.932121383368386,7.5,0.124282851115785,9
"Da",141,222.138133,463.8678825,"OCGSV01_13",4,"PICT0072_10.jpeg","F:\Stills\PNGSV\OCGSV01Stills\","OCGSV01","B121000481","OCGSV01Stills",720,480,"B12","PICT0072","PICT0072_OCGSV01","17:48","29/04/2017","strict","Y",1.17080010450473,-0.147088414128075,115.142225986578,0.219779337556877,1.5,0.146519558371251,4
"Da",40,500,424,"OCGSV01_3",3,"a(21)_19.jpeg","F:\Stills\PNGSV\OCGSV01Stills\","OCGSV01","B121000481","OCGSV01Stills",720,480,"B12","a(21)","a(21)_OCGSV01","17:55","29/05/2017","strict","Y",1.27652765213574,0.149369643876435,209.281435513332,0.284486116202947,1,0.284486116202947,3
"Da",44,465.3333333,324.4444444,"OCGSV01_5",8,"PICT0055_01.jpeg","F:\Stills\PNGSV\OCGSV01Stills\","OCGSV01","B121000481","OCGSV01Stills",720,480,"B12","PICT0055","PICT0055_OCGSV01","17:58","22/04/2017","strict","Y",2.41950521729581,0.112382874880992,232.557157267484,0.741174171424433,8.5,0.0871969613440509,8
"Da",66,466.2222222,316.4444444,"OCGSV01_7",10,"PICT0061_01.jpeg","F:\Stills\PNGSV\OCGSV01Stills\","OCGSV01","B121000481","OCGSV01Stills",720,480,"B12","PICT0061","PICT0061_OCGSV01","17:48","24/04/2017","strict","Y",2.60047151128792,0.113331253584125,265.4584475562,1.32814308621142,10,0.132814308621142,10
"Da",88,401.3333333,312,"OCGSV01_9",8,"PICT0062_01.jpeg","F:\Stills\PNGSV\OCGSV01Stills\","OCGSV01","B121000481","OCGSV01Stills",720,480,"B12","PICT0062","PICT0062_OCGSV01","17:49","24/04/2017","strict","Y",2.84731280236095,0.0440996091089071,229.195669847562,0.906497901627901,8,0.113312237703488,8
"Da",0,228,256.8888889,"OCGSV06_1",5,"a(3)_01.jpeg","F:\Stills\PNGSV\OCGSV06Stills\","OCGSV06","B130904567","OCGSV06Stills",720,480,"B13","a(3)","a(3)_OCGSV06","19:38","31/05/2017","strict","Y",2.03954312513642,-0.141408593396963,207.128101369269,0.640360489639749,2.5,0.2561441958559,5
"Da",110,420.4187422,353.3936097,"OCGSV07_6",12,"PICT0009_01.jpeg","F:\Stills\PNGSV\OCGSV07Stills\","OCGSV07","B120101919","OCGSV07Stills",720,480,"B12","PICT0009","PICT0009_OCGSV07","17:19","19/04/2017","strict","Y",1.60394672867234,0.064462328613401,961.122960774685,1.89430643491402,9,0.210478492768224,12
"Da",0,503.5555556,407.1111111,"OCGSV08_1",3,"a(014)_01.jpeg","F:\Stills\PNGSV\OCGSV08Stills\","OCGSV08","B140806198","OCGSV08Stills",720,480,"B14","a(14)","a(14)_OCGSV08","05:39","20/05/2017","strict","Y",1.24557121476791,0.154691874527334,150.118951120087,0.435426613911354,1.5,0.290284409274236,3
"Da",88,53.80540869,273.9748673,"OCGSV08_11",16,"a(201)_01.jpeg","F:\Stills\PNGSV\OCGSV08Stills\","OCGSV08","B140806198","OCGSV08Stills",720,480,"B14","a(201)","a(201)_OCGSV08","16:12","06/06/2017","strict","Y",4.18481062096729,-0.329947629695739,666.169149744534,3.44307372423947,8.5,0.405067496969349,16
"Da",110,720.1132712,382.5976203,"OCGSV08_12",2,"a(202)_01.jpeg","F:\Stills\PNGSV\OCGSV08Stills\","OCGSV08","B140806198","OCGSV08Stills",720,480,"B14","a(202)","a(202)_OCGSV08","16:14","06/06/2017","strict","Y",1.67744025059709,0.388049049939369,26.3938173508039,0.101285429778806,0.5,0.202570859557613,2
"Da",154,518.763778,340.2082533,"OCGSV08_15",13,"a(204)_01.jpeg","F:\Stills\PNGSV\OCGSV08Stills\","OCGSV08","B140806198","OCGSV08Stills",720,480,"B14","a(204)","a(204)_OCGSV08","16:18","06/06/2017","strict","Y",2.29045681090321,0.17107987443059,283.213103620379,3.0204887283193,10,0.30204887283193,13
"Mt",176,396.8943478,317.688902,"OCGSV08_17",8,"EK000022_01.jpeg","F:\Stills\PNGSV\OCGSV08Stills\","OCGSV08","B140806198","OCGSV08Stills",720,480,"B14","EK000022","EK000022_OCGSV08","03:58","18/04/2017","strict","Y",2.80148901973172,0.0397564259828996,355.867328946207,1.98443660647183,4,0.496109151617957,8
"Da",22,284.1663218,349.7221224,"OCGSV08_3",11,"a(062)_01.jpeg","F:\Stills\PNGSV\OCGSV08Stills\","OCGSV08","B140806198","OCGSV08Stills",720,480,"B14","a(62)","a(62)_OCGSV08","17:24","27/05/2017","strict","Y",1.75886121598038,-0.0817164740440086,250.710903089389,0.898213103692996,10.5,0.0855441051136187,11
"Da",49,825.2917144,453.9944779,"OCGSV08_5",8,"a(063)_06.jpeg","F:\Stills\PNGSV\OCGSV08Stills\","OCGSV08","B140806198","OCGSV08Stills",720,480,"B14","a(63)","a(63)_OCGSV08","17:25","27/05/2017","strict","Y",1.05788962976234,0.501386708454027,286.211143392856,1.00090366466818,4.5,0.222423036592929,8
"Da",79,-82.63536633,517.7137276,"OCGSV08_7",5,"a(064)_14.jpeg","F:\Stills\PNGSV\OCGSV08Stills\","OCGSV08","B140806198","OCGSV08Stills",720,480,"B14","a(64)","a(64)_OCGSV08","17:26","27/05/2017","strict","Y",0.624562675831943,-0.476972794703049,618.070586876805,1.27038309001803,4,0.317595772504507,5
"Da",88,305.4922753,326.9615761,"OCGSV08_9",10,"a(201)_01.jpeg","F:\Stills\PNGSV\OCGSV08Stills\","OCGSV08","B140806198","OCGSV08Stills",720,480,"B14","a(201)","a(201)_OCGSV08","16:12","06/06/2017","strict","Y",2.2810229317252,-0.0587361601912317,413.477862684448,1.25109679824528,6.5,0.192476430499274,10
"Mt",0,471.5555556,242.6666667,"OCGSV09_1",4,"a(27)_01.jpeg","F:\Stills\PNGSV\OCGSV09Stills\","OCGSV09","B131200419","OCGSV09Stills",720,480,"B13","a(27)","a(27)_OCGSV09","02:13","03/06/2017","strict","Y",2.8277282958729,0.119506925780399,33.3323301208574,0.241886100800606,7.5,0.0322514801067475,4
"Mt",264,447.3552321,257.5609221,"OCGSV09_10",7,"EK000157_01.jpeg","F:\Stills\PNGSV\OCGSV09Stills\","OCGSV09","B131200419","OCGSV09Stills",720,480,"B13","EK000157","EK000157_OCGSV09","03:12","10/05/2017","strict","Y",2.54722958476143,0.0935816704327747,353.68565919342,0.948982241377621,10.5,0.090379261083583,7
"Mt",22,837.3042844,291.1086256,"OCGSV09_2",6,"a(28)_01.jpeg","F:\Stills\PNGSV\OCGSV09Stills\","OCGSV09","B131200419","OCGSV09Stills",720,480,"B13","a(28)","a(28)_OCGSV09","02:14","03/06/2017","strict","Y",2.08487225115256,0.51132520817688,155.450931365979,0.672425958771446,10.5,0.0640405675020425,6
"Mt",132,417.7802633,245.2903025,"OCGSV09_5",6,"EK000078_01.jpeg","F:\Stills\PNGSV\OCGSV09Stills\","OCGSV09","B131200419","OCGSV09Stills",720,480,"B13","EK000078","EK000078_OCGSV09","21:29","20/04/2017","strict","Y",2.7733624146441,0.0618986799951453,301.640532458834,1.13883465470208,4,0.28470866367552,6
"Mt",154,635.4172981,256.7448833,"OCGSV09_7",11,"EK000152_01.jpeg","F:\Stills\PNGSV\OCGSV09Stills\","OCGSV09","B131200419","OCGSV09Stills",720,480,"B13","EK000152","EK000152_OCGSV09","03:09","10/05/2017","strict","Y",2.56294632917207,0.295048278193281,223.739769039575,1.09376916911953,10.5,0.104168492297098,11
"Da",0,276.8888889,276.4444444,"OCGSV10_1",14,"a(35)_01.jpeg","F:\Stills\PNGSV\OCGSV10Stills\","OCGSV10","B140711140","OCGSV10Stills",720,480,"B14","a(35)","a(35)_OCGSV10","17:10","27/05/2017","strict","Y",2.04619794313575,-0.0895584536340197,341.821645172891,1.33362707044936,10.5,0.127012101947558,14
"Da",22,716,407.1111111,"OCGSV10_2",3,"a(86)_01.jpeg","F:\Stills\PNGSV\OCGSV10Stills\","OCGSV10","B140711140","OCGSV10Stills",720,480,"B14","a(86)","a(86)_OCGSV10","17:05","06/06/2017","strict","Y",1.08598103296176,0.383616691820536,24.8777210594086,0.0880833310638092,10,0.00880833310638092,3
"Da",22,398.6666667,228.4444444,"OCGSV10_5",13,"a(86)_01.jpeg","F:\Stills\PNGSV\OCGSV10Stills\","OCGSV10","B140711140","OCGSV10Stills",720,480,"B14","a(86)","a(86)_OCGSV10","17:05","06/06/2017","strict","Y",4.46502954916375,0.0416662324808463,253.76716290272,3.02938439990258,8,0.378673049987822,13
"Da",65,735.4876594,457.2360371,"OCGSV10_8",5,"a(88)_01.jpeg","F:\Stills\PNGSV\OCGSV10Stills\","OCGSV10","B140711140","OCGSV10Stills",720,480,"B14","a(88)","a(88)_OCGSV10","17:07","06/06/2017","strict","Y",0.875370315753462,0.404616105950742,349.732167810173,2.60765101084643,10.5,0.248347715318708,5
"Da",110,300.4095732,250.2711581,"OCGSV11_10",5,"EK000017_01.jpeg","F:\Stills\PNGSV\OCGSV11Stills\","OCGSV11","B1209X38X","OCGSV11Stills",720,480,"B12","EK000017","EK000017_OCGSV11","20:21","07/05/2017","strict","Y",2.37234640724886,-0.0635785773540055,275.470043022917,1.29328669239416,2,0.646643346197081,5
"Da",173,740.93135,334.9456602,"OCGSV11_13",3,"EK000019_20.jpeg","F:\Stills\PNGSV\OCGSV11Stills\","OCGSV11","B1209X38X","OCGSV11Stills",720,480,"B12","EK000019","EK000019_OCGSV11","18:28","08/05/2017","strict","Y",1.19489982460674,0.40642557207764,341.988217458386,0.429373054598223,1,0.429373054598223,3
"Mt",22,818.7638073,351.2073688,"OCGSV11_2",6,"a(175)_01.jpeg","F:\Stills\PNGSV\OCGSV11Stills\","OCGSV11","B1209X38X","OCGSV11Stills",720,480,"B12","a(175)","a(175)_OCGSV11","19:02","05/06/2017","strict","Y",1.09135839829943,0.489467046569989,211.811602859216,0.412316848006352,7.5,0.0549755797341802,6
"Mt",44,113.8530304,235.4757487,"OCGSV11_4",6,"a(176)_01.jpeg","F:\Stills\PNGSV\OCGSV11Stills\","OCGSV11","B1209X38X","OCGSV11Stills",720,480,"B12","a(176)","a(176)_OCGSV11","19:03","05/06/2017","strict","Y",2.91609769115781,-0.262620608502969,96.64623373329,1.01630914760908,10.5,0.096791347391341,6
"Lt",66,521.1682128,258.0208695,"OCGSV11_6",9,"a(182)_01.jpeg","F:\Stills\PNGSV\OCGSV11Stills\","OCGSV11","B1209X38X","OCGSV11Stills",720,480,"B12","a(182)","a(182)_OCGSV11","18:42","09/06/2017","strict","Y",2.13013261137051,0.171954561072411,185.112386160294,0.716033018754592,6,0.119338836459099,9
"Da",88,137.4915439,314.5809065,"OCGSV11_8",12,"a(184)_01.jpeg","F:\Stills\PNGSV\OCGSV11Stills\","OCGSV11","B1209X38X","OCGSV11Stills",720,480,"B12","a(184)","a(184)_OCGSV11","16:38","14/06/2017","strict","Y",1.40913424124928,-0.237400063193946,591.928201629671,2.02134211603771,5.5,0.367516748370492,12
"Da",0,316,273.7777778,"OCGSV15_1",4,"EK000029_01.jpeg","F:\Stills\PNGSV\OCGSV15Stills\","OCGSV15","B1404115863","OCGSV15Stills",720,480,"B14","EK000029","EK000029_OCGSV15","17:49","13/04/2017","strict","Y",3.68767707212108,-0.047413298989055,317.057222790573,3.17374181770125,4.5,0.705275959489166,4
"Da",87,554.2222222,352.8888889,"OCGSV15_10",9,"EK000074_01.jpeg","F:\Stills\PNGSV\OCGSV15Stills\","OCGSV15","B1404115863","OCGSV15Stills",720,480,"B14","EK000074","EK000074_OCGSV15","18:17","22/04/2017","strict","Y",2.00463367885378,0.209289006624711,111.650527313101,0.361197451081266,10.5,0.0343997572458349,9
"Da",109,467.1111111,337.7777778,"OCGSV15_13",9,"EK000075_01.jpeg","F:\Stills\PNGSV\OCGSV15Stills\","OCGSV15","B1404115863","OCGSV15Stills",720,480,"B14","EK000075","EK000075_OCGSV15","18:18","22/04/2017","strict","Y",2.22132350044218,0.115420253082595,181.833422676573,0.508704909288593,10.5,0.0484480865989136,9
"Da",131,356,280.8888889,"OCGSV15_15",5,"EK000076_01.jpeg","F:\Stills\PNGSV\OCGSV15Stills\","OCGSV15","B1404115863","OCGSV15Stills",720,480,"B14","EK000076","EK000076_OCGSV15","18:51","22/04/2017","strict","Y",3.40194229689821,-0.00431029990809589,60.8267416233072,0.718361582688554,8.5,0.0845131273751241,5
"Da",153,441.9578563,478.8160009,"OCGSV15_17",13,"EK000077_01.jpeg","F:\Stills\PNGSV\OCGSV15Stills\","OCGSV15","B1404115863","OCGSV15Stills",720,480,"B14","EK000077","EK000077_OCGSV15","06:42","23/04/2017","strict","Y",1.24980403840169,0.0883157351194069,345.807385138867,2.5389932172881,9.5,0.267262443925063,13
"Da",216,536.9125233,275.8736734,"OCGSV15_21",7,"EK000080_01.jpeg","F:\Stills\PNGSV\OCGSV15Stills\","OCGSV15","B1404115863","OCGSV15Stills",720,480,"B14","EK000080","EK000080_OCGSV15","07:30","23/04/2017","strict","Y",3.29062507539109,0.190636508230251,68.6604951357765,0.403234523084917,4,0.100808630771229,7
"Da",237,533.1888109,267.4953204,"OCGSV15_23",6,"EK000083_01.jpeg","F:\Stills\PNGSV\OCGSV15Stills\","OCGSV15","B1404115863","OCGSV15Stills",720,480,"B14","EK000083","EK000083_OCGSV15","07:13","24/04/2017","strict","Y",3.54036965603366,0.186623928926377,61.9208862421597,0.317381872534659,6,0.0528969787557764,6
"Da",259,316.2825618,414.5819614,"OCGSV15_25",4,"EK000084_01.jpeg","F:\Stills\PNGSV\OCGSV15Stills\","OCGSV15","B1404115863","OCGSV15Stills",720,480,"B14","EK000084","EK000084_OCGSV15","07:17","24/04/2017","strict","Y",1.60334989404117,-0.0471088174639121,134.943600052013,0.341678779453652,4,0.0854196948634129,4
"Da",281,342.3485488,413.6510333,"OCGSV15_27",2,"EK000174_01.jpeg","F:\Stills\PNGSV\OCGSV15Stills\","OCGSV15","B1404115863","OCGSV15Stills",720,480,"B14","EK000174","EK000174_OCGSV15","07:58","03/05/2017","strict","Y",1.60101088937247,-0.0190207621212799,61.6173150267209,0.297999243062082,0.5,0.595998486124164,2
"Da",303,581.5970724,295.4231637,"OCGSV15_29",15,"EK000179_01.jpeg","F:\Stills\PNGSV\OCGSV15Stills\","OCGSV15","B1404115863","OCGSV15Stills",720,480,"B14","EK000179","EK000179_OCGSV15","17:49","03/05/2017","strict","Y",2.79025296604002,0.23878746020001,317.218561264603,1.53038921576399,10.5,0.145751353882285,15
"Da",0,249.3333333,259.5555556,"OCGSV15_3",4,"EK000029_01.jpeg","F:\Stills\PNGSV\OCGSV15Stills\","OCGSV15","B1404115863","OCGSV15Stills",720,480,"B14","EK000029","EK000029_OCGSV15","17:49","13/04/2017","strict","Y",4.39987884672434,-0.119251630826573,26.6211833686643,0.322300460022867,9.5,0.0339263642129334,4
"Mt",347,580.6661443,292.6303793,"OCGSV15_31",12,"EK000264_01.jpeg","F:\Stills\PNGSV\OCGSV15Stills\","OCGSV15","B1404115863","OCGSV15Stills",720,480,"B14","EK000264","EK000264_OCGSV15","10:01","08/05/2017","strict","Y",2.84670532793455,0.237784315374042,309.365073803953,4.75074700610656,10.5,0.452452095819673,12
"Da",369,676.5517394,307.5252291,"OCGSV15_34",5,"EK000279_01.jpeg","F:\Stills\PNGSV\OCGSV15Stills\","OCGSV15","B1404115863","OCGSV15Stills",720,480,"B14","EK000279","EK000279_OCGSV15","15:28","09/05/2017","strict","Y",2.49690808621883,0.341108233310855,25.7791592692307,0.434250820840353,10.5,0.0413572210324145,5
"Da",392,303.2495683,268.4262486,"OCGSV15_36",4,"EK000280_02.jpeg","F:\Stills\PNGSV\OCGSV15Stills\","OCGSV15","B1404115863","OCGSV15Stills",720,480,"B14","EK000280","EK000280_OCGSV15","15:29","09/05/2017","strict","Y",3.90334000742976,-0.0611528451352282,16.9657123759315,0.195135268855763,9.5,0.0205405546163961,4
"Da",413,406.5825882,363.3809155,"OCGSV15_38",6,"EK000281_01.jpeg","F:\Stills\PNGSV\OCGSV15Stills\","OCGSV15","B1404115863","OCGSV15Stills",720,480,"B14","EK000281","EK000281_OCGSV15","15:30","09/05/2017","strict","Y",1.9733643700892,0.0501962314093323,179.664045333517,0.862960519479113,4.5,0.191769004328692,6
"Da",435,401.9279477,399.6871117,"OCGSV15_40",4,"EK000311_01.jpeg","F:\Stills\PNGSV\OCGSV15Stills\","OCGSV15","B1404115863","OCGSV15Stills",720,480,"B14","EK000311","EK000311_OCGSV15","09:21","19/05/2017","strict","Y",1.67487935061839,0.04518050727949,15.6491339553358,0.0579645312149338,10,0.00579645312149338,4
"Da",21,366.6666667,344,"OCGSV15_5",4,"EK000071_01.jpeg","F:\Stills\PNGSV\OCGSV15Stills\","OCGSV15","B1404115863","OCGSV15Stills",720,480,"B14","EK000071","EK000071_OCGSV15","17:39","22/04/2017","strict","Y",2.20620507282883,0.00718383321607904,273.060970925206,0.651988739055727,3,0.217329579685242,4
"Da",43,441.3333333,371.5555556,"OCGSV15_7",5,"EK000072_01.jpeg","F:\Stills\PNGSV\OCGSV15Stills\","OCGSV15","B1404115863","OCGSV15Stills",720,480,"B14","EK000072","EK000072_OCGSV15","17:56","22/04/2017","strict","Y",1.88134475686927,0.0876427647620309,126.946667208506,0.367852579252513,10.5,0.0350335789764298,5
"Mt",0,534.6666667,359.1111111,"OCGSV17_1",3,"PICT0012_01.jpeg","F:\Stills\PNGSV\OCGSV17Stills\","OCGSV17","B1201100128","OCGSV17Stills",720,480,"B12","PICT0012","PICT0012_OCGSV17","04:09","05/05/2017","strict","Y",1.21930596310134,0.186356412871878,172.295469236252,0.234333611895784,1.5,0.156222407930522,3
"Mt",132,346.8873008,381.8269482,"OCGSV21_16",2,"EK000033_21.jpeg","F:\Stills\PNGSV\OCGSV21Stills\","OCGSV21","B130905345","OCGSV21Stills",720,480,"B13","EK000033","EK000033_OCGSV21","00:55","17/04/2017","strict","Y",0.938579654689505,-0.0140473359811325,59.7239777536314,0.0794308867744895,0.5,0.158861773548979,2
"Mt",20,67.94881315,292.1357431,"OCGSV21_7",3,"EK000029_01.jpeg","F:\Stills\PNGSV\OCGSV21Stills\","OCGSV21","B130905345","OCGSV21Stills",720,480,"B13","EK000029","EK000029_OCGSV21","20:15","16/04/2017","strict","Y",1.56000075372264,-0.312867784336153,25.9539385008181,0.176339099761637,10.5,0.0167941999772987,3
"Mt",28,195.1113278,300.9461991,"OCGSV23_23",12,"b(133)_01.jpeg","F:\Stills\PNGSV\OCGSV23Stills\","OCGSV23","B121000673","OCGSV23Stills",720,480,"B12","b(133)","b(133)_OCGSV23","02:09","11/06/2017","strict","Y",2.93434409332233,-0.17592401604123,424.423044857836,4.45517192061254,9.5,0.468965465327635,12
"Mt",50,712.4060916,336.3279784,"OCGSV23_25",2,"b(138)_01.jpeg","F:\Stills\PNGSV\OCGSV23Stills\","OCGSV23","B121000673","OCGSV23Stills",720,480,"B12","b(138)","b(138)_OCGSV23","01:09","15/06/2017","strict","Y",1.72105113903855,0.375991231444131,69.1901732388791,0.159971257627096,0.5,0.319942515254191,2
"Mt",0,511.5555556,349.3333333,"OCGSV24_1",2,"PICT0017_01.jpeg","F:\Stills\PNGSV\OCGSV24Stills\","OCGSV24","B120102688","OCGSV24Stills",720,480,"B12","PICT0017","PICT0017_OCGSV24","19:43","17/04/2017","strict","Y",1.46512746868899,0.16169856691048,29.7080444759943,0.19511238573115,5.5,0.0354749792238455,2
"Mt",17,484.9049537,360.8856379,"OCGSV27_0",6,"a(3)_17.jpeg","F:\Stills\PNGSV\OCGSV27Stills\","OCGSV27","B131200703","OCGSV27Stills",720,480,"B13","a(3)","a(3)_OCGSV27","04:08","18/05/2017","strict","Y",0.772861699687069,0.133807831901741,460.563207766252,3.52158424709714,2.5,1.40863369883885,6
"Mt",41,696.694784,395.3221497,"OCGSV28_3",7,"PICT0027_01.jpeg","F:\Stills\PNGSV\OCGSV28Stills\","OCGSV28","B100817020","OCGSV28Stills",720,480,"B10","PICT0027","PICT0027_OCGSV28","21:28","26/04/2017","strict","Y",0.685834111160014,0.361240565872772,646.241753161969,0.919907656583725,3.5,0.262830759023922,7
"Mt",22,36.89921197,307.298831,"OCGSV29_1",3,"a(12)_01.jpeg","F:\Stills\PNGSV\OCGSV29Stills\","OCGSV29","B121000478","OCGSV29Stills",720,480,"B12","a(12)","a(12)_OCGSV29","20:24","01/06/2017","strict","Y",1.35171693375195,-0.344724640315976,53.051230575211,0.0779656538434005,9.5,0.00820691093088427,3
"Mt",119,-25.08566063,422.622702,"OCGSV29_4",8,"PICT0033_12.jpeg","F:\Stills\PNGSV\OCGSV29Stills\","OCGSV29","B121000478","OCGSV29Stills",720,480,"B12","PICT0033","PICT0033_OCGSV29","23:10","13/05/2017","strict","Y",0.686446128229654,-0.410857914215892,263.191648567678,2.7042520730467,3.5,0.772643449441915,8
"Mt",21,390.6666565,225.7777761,"OCGSV30_2",13,"a(174)_01.jpeg","F:\Stills\PNGSV\OCGSV30Stills\","OCGSV30","B100815356","OCGSV30Stills",720,480,"B10","a(174)","a(174)_OCGSV30","01:51","15/06/2017","strict","Y",2.85989794430212,0.0329023224413418,367.722760443977,1.89716348125633,6.5,0.291871304808666,13
"Mt",83,639.263763,286.7524769,"OCGSV30_5",7,"PICT0229_01.jpeg","F:\Stills\PNGSV\OCGSV30Stills\","OCGSV30","B100815356","OCGSV30Stills",720,480,"B10","PICT0229","PICT0229_OCGSV30","21:52","11/05/2017","strict","Y",1.35891301994018,0.299622698562149,145.661306696249,0.451585426323302,9.5,0.0475353080340318,7
"Lt",0,504.4444444,301.3333333,"OCGSV32_1",14,"EK000016_01.jpeg","F:\Stills\PNGSV\OCGSV32Stills\","OCGSV32","B13200699","OCGSV32Stills",720,480,"B13","EK000016","EK000016_OCGSV32","03:17","20/04/2017","strict","Y",2.4307213057761,0.154740043231893,196.348890900961,4.20307073635151,10.5,0.400292451081096,14
"Mt",0,483.7755176,380.0388753,"OCGSV34_1",4,"PICT0018_01.jpeg","F:\Stills\PNGSV\OCGSV34Stills\","OCGSV34","B121000453","OCGSV34Stills",720,480,"B12","PICT0018","PICT0018_OCGSV34","09:34","19/04/2017","strict","Y",1.30709625122831,0.132059321318096,341.568438936183,0.481850933124363,4,0.120462733281091,4
"Mt",22,0.96163691,421.464152,"OCGSV39_1",5,"PICT0012_01.jpeg","F:\Stills\PNGSV\OCGSV39Stills\","OCGSV39","B1210X19X6","OCGSV39Stills",720,480,"B12","PICT0012","PICT0012_OCGSV39","00:46","07/05/2017","strict","Y",1.30677229507911,-0.383067374519511,151.444155145005,0.747318513572654,10,0.0747318513572654,5
"Mt",0,-3.524974681,370.7471845,"OCGSV40_1",13,"PICT0158_01.jpeg","F:\Stills\PNGSV\OCGSV40Stills\","OCGSV40","B100826313","OCGSV40Stills",720,480,"B10","PICT0158","PICT0158_OCGSV40","01:05","30/04/2017","strict","Y",1.4591251204521,-0.390026735794783,616.756003797946,1.86080663283352,10,0.186080663283352,13
"Mt",0,501.7777778,235.5555556,"OCGSV41_1",8,"a(21)_01.jpeg","F:\Stills\PNGSV\OCGSV41Stills\","OCGSV41","B101028533","OCGSV41Stills",720,480,"B10","a(21)","a(21)_OCGSV41","19:55","21/05/2017","strict","Y",2.96923001640241,0.152113686087445,135.059233308361,1.09034002218344,9.5,0.114772633914046,8
"Mt",61,98.47308727,369.3697927,"OCGSV41_4",9,"a(39)_01.jpeg","F:\Stills\PNGSV\OCGSV41Stills\","OCGSV41","B101028533","OCGSV41Stills",720,480,"B10","a(39)","a(39)_OCGSV41","20:12","06/06/2017","strict","Y",1.34895895901407,-0.28059279333993,665.799328053255,1.05247238386184,6.5,0.161918828286438,9
"Mt",122,418.2925527,209.7914573,"OCGSV41_7",12,"PICT0022_01.jpeg","F:\Stills\PNGSV\OCGSV41Stills\","OCGSV41","B101028533","OCGSV41Stills",720,480,"B10","PICT0022","PICT0022_OCGSV41","22:49","11/04/2017","strict","Y",4.15194657499557,0.0625422065448937,206.305525512974,3.33991548793098,9.5,0.351570051361155,12
"Mt",77,180.175444,450.7240324,"OCGSV43_31",7,"a(8)_12.jpeg","F:\Stills\PNGSV\OCGSV43Stills\","OCGSV43","B121000651","OCGSV43Stills",720,480,"B12","a(8)","a(8)_OCGSV43","02:56","26/05/2017","strict","Y",0.971547919049473,-0.191859499213986,198.015716163765,0.879189046208605,4.5,0.195375343601912,7
"Da",161,773.3484666,275.2562444,"OCGSV44_11",7,"EK000017_08.jpeg","F:\Stills\PNGSV\OCGSV44Stills\","OCGSV44","B131200441","OCGSV44Stills",720,480,"B13","EK000017","EK000017_OCGSV44","06:25","29/05/2017","strict","Y",3.34588349051821,0.442810797308316,220.472835214346,1.21169546894856,7,0.173099352706937,7
"Da",44,463.7053346,346.77125,"OCGSV44_3",15,"EK000007_01.jpeg","F:\Stills\PNGSV\OCGSV44Stills\","OCGSV44","B131200441","OCGSV44Stills",720,480,"B13","EK000007","EK000007_OCGSV44","17:36","13/04/2017","strict","Y",1.58215201556981,0.111097162829905,342.292605699241,0.763944762748189,11,0.069449523886199,15
"Da",66,162.8030351,245.6844937,"OCGSV44_5",6,"EK000008_01.jpeg","F:\Stills\PNGSV\OCGSV44Stills\","OCGSV44","B131200441","OCGSV44Stills",720,480,"B13","EK000008","EK000008_OCGSV44","17:37","13/04/2017","strict","Y",1.83003550545735,-0.211252616883783,84.599530696359,0.21965856222295,10.5,0.0209198630688524,6
"Da",110,366.7936482,293.1116847,"OCGSV44_8",3,"EK000015_01.jpeg","F:\Stills\PNGSV\OCGSV44Stills\","OCGSV44","B131200441","OCGSV44Stills",720,480,"B13","EK000015","EK000015_OCGSV44","06:23","29/05/2017","strict","Y",1.80559858309499,0.00727788057572582,25.1594611669273,0.109400267556436,10.5,0.0104190731006129,3
"Mt",68,692.9227934,321.9357706,"OCGSV45_29",5,"a(03)_01.jpeg","F:\Stills\PNGSV\OCGSV45Stills\","OCGSV45","B131200426","OCGSV45Stills",720,480,"B13","a(3)","a(3)_OCGSV45","01:25","22/05/2017","strict","Y",2.339206961913,0.356652605488499,86.2025283207775,0.753575469682897,5.5,0.137013721760527,5
"Mt",112,305.3973714,400.9899231,"OCGSV45_32",7,"EK000019_01.jpeg","F:\Stills\PNGSV\OCGSV45Stills\","OCGSV45","B131200426","OCGSV45Stills",720,480,"B13","EK000019","EK000019_OCGSV45","02:33","21/04/2017","strict","Y",1.72483301773429,-0.0584945523189606,466.720786105845,0.847450790767182,3,0.282483596922394,7
"Mt",134,129.0416924,272.3279183,"OCGSV45_34",15,"EK000039_01.jpeg","F:\Stills\PNGSV\OCGSV45Stills\","OCGSV45","B131200426","OCGSV45Stills",720,480,"B13","EK000039","EK000039_OCGSV45","04:58","01/05/2017","strict","Y",4.68086614472217,-0.247420374326206,265.883870338341,2.52636344323928,9.5,0.265932994025187,15
"Mt",0,-66.73815431,573.0260651,"OCGSV46_1",6,"PICT0004_01.jpeg","F:\Stills\PNGSV\OCGSV46Stills\","OCGSV46","B101028490","OCGSV46Stills",720,480,"B10","PICT0004","PICT0004_OCGSV46","00:22","14/04/2017","strict","Y",0.700893137481559,-0.457848293671359,288.664060582287,0.229918129988414,10,0.0229918129988414,6
"Mt",167,98.88820233,400.4534529,"OCGSV46_11",5,"PICT0016_01.jpeg","F:\Stills\PNGSV\OCGSV46Stills\","OCGSV46","B101028490","OCGSV46Stills",720,480,"B10","PICT0016","PICT0016_OCGSV46","21:16","14/04/2017","strict","Y",1.7448258739073,-0.280147415489417,134.6908109291,0.66725608167385,8.5,0.0785007154910412,5
"Mt",272,115.6665281,586.7874663,"OCGSV46_16",3,"PICT0026_01.jpeg","F:\Stills\PNGSV\OCGSV46Stills\","OCGSV46","B101028490","OCGSV46Stills",720,480,"B10","PICT0026","PICT0026_OCGSV46","23:25","15/05/2017","strict","Y",0.711213668848866,-0.262145913287493,95.7629501240961,0.0762547247611786,1,0.0762547247611786,3
"Mt",293,620.3249016,378.9420849,"OCGSV46_18",7,"PICT0028_01.jpeg","F:\Stills\PNGSV\OCGSV46Stills\","OCGSV46","B101028490","OCGSV46Stills",720,480,"B10","PICT0028","PICT0028_OCGSV46","03:30","18/05/2017","strict","Y",4.17633991823226,0.279303152984864,86.0583762076712,0.917878224026112,10,0.0917878224026112,7
"Mt",440,635.1841268,415.9758682,"OCGSV46_26",3,"PICT0039_01.jpeg","F:\Stills\PNGSV\OCGSV46Stills\","OCGSV46","B101028490","OCGSV46Stills",720,480,"B10","PICT0039","PICT0039_OCGSV46","19:31","01/06/2017","strict","Y",2.50151867050721,0.295245648012286,36.9365693019339,0.299927685903424,1.5,0.199951790602283,3
"Mt",63,374.0253198,334.1194864,"OCGSV46_6",4,"PICT0007_01.jpeg","F:\Stills\PNGSV\OCGSV46Stills\","OCGSV46","B101028490","OCGSV46Stills",720,480,"B10","PICT0007","PICT0007_OCGSV46","00:27","14/04/2017","strict","Y",6.71003427449115,0.0150477961104933,20.4412047,0.468479957058023,10,0.0468479957058023,4
"Mt",105,630.8179526,422.2721812,"OCGSV46_8",7,"PICT0009_01.jpeg","F:\Stills\PNGSV\OCGSV46Stills\","OCGSV46","B101028490","OCGSV46Stills",720,480,"B10","PICT0009","PICT0009_OCGSV46","00:30","14/04/2017","strict","Y",2.32481990829547,0.290561170219167,367.82058781661,1.48142897948279,10,0.148142897948279,7
"Mt",50,748.379342,306.4035963,"OCGSV53_21",3,"EK000167_08.jpeg","F:\Stills\PNGSV\OCGSV53Stills\","OCGSV53","B140926006","OCGSV53Stills",720,480,"B14","EK000167","EK000167_OCGSV53","18:26","13/05/2017","strict","Y",2.39023071853659,0.418507860532237,9.41470919999995,0.0259258282155256,5,0.00518516564310512,3
"Mt",65,469.0763023,369.1683243,"OCGSV53_23",5,"EK000168_01.jpeg","F:\Stills\PNGSV\OCGSV53Stills\","OCGSV53","B140926006","OCGSV53Stills",720,480,"B14","EK000168","EK000168_OCGSV53","18:27","13/05/2017","strict","Y",1.51993416767743,0.117537893944783,71.2506588405222,0.127625384040819,10.5,0.012154798480078,5
"Mt",87,113.4095101,412.0575551,"OCGSV53_25",4,"EK000169_01.jpeg","F:\Stills\PNGSV\OCGSV53Stills\","OCGSV53","B140926006","OCGSV53Stills",720,480,"B14","EK000169","EK000169_OCGSV53","18:28","13/05/2017","strict","Y",1.25945847886322,-0.265719741488324,41.5261810816216,0.0874774500623291,10.5,0.00833118572022182,4
"Mt",131,4.70611362,339.0996886,"OCGSV53_28",9,"EK000171_01.jpeg","F:\Stills\PNGSV\OCGSV53Stills\","OCGSV53","B140926006","OCGSV53Stills",720,480,"B14","EK000171","EK000171_OCGSV53","18:30","13/05/2017","strict","Y",2.25788851091952,-0.382855801452688,241.541783513636,0.65082696828176,10.5,0.0619835207887391,9
"Mt",0,492.8888889,305.7777778,"OCGSV56_1",4,"a(13)_01.jpeg","F:\Stills\PNGSV\OCGSV56Stills\","OCGSV56","B140621051","OCGSV56Stills",720,480,"B14","a(13)","a(13)_OCGSV56","03:11","29/05/2017","strict","Y",1.67513302151985,0.143197741403159,236.087227980573,0.472718489761941,1.5,0.315145659841294,4
"Da",81,679.7240576,493.0006607,"OCGSV57_28",5,"a(07)_16.jpeg","F:\Stills\PNGSV\OCGSV57Stills\","OCGSV57","B100815620","OCGSV57Stills",720,480,"B10","a(7)","a(7)_OCGSV57","17:39","20/05/2017","strict","Y",1.07048423033523,0.343032636616559,82.8451482527148,0.298413061988915,2.5,0.119365224795566,5
"Da",87,207.1687563,309.3591204,"OCGSV57_30",7,"a(08)_01.jpeg","F:\Stills\PNGSV\OCGSV57Stills\","OCGSV57","B100815620","OCGSV57Stills",720,480,"B10","a(8)","a(8)_OCGSV57","17:40","20/05/2017","strict","Y",2.20690029288693,-0.163972973686541,73.7161169975994,0.327163291668741,10,0.0327163291668741,7
"Mt",108,220.0353611,269.5896148,"OCGSV57_32",7,"a(12)_01.jpeg","F:\Stills\PNGSV\OCGSV57Stills\","OCGSV57","B100815620","OCGSV57Stills",720,480,"B10","a(12)","a(12)_OCGSV57","23:48","22/05/2017","strict","Y",2.88208030259196,-0.150168365419092,506.297552913251,1.5526336196972,3,0.517544539899066,7
"Mt",129,497.2701666,268.5289415,"OCGSV57_34",12,"a(24)_01.jpeg","F:\Stills\PNGSV\OCGSV57Stills\","OCGSV57","B100815620","OCGSV57Stills",720,480,"B10","a(24)","a(24)_OCGSV57","03:32","06/06/2017","strict","Y",2.94653650212795,0.147277460229481,430.530142574519,2.76065558872413,5.5,0.501937379768024,12
"Mt",150,67.97226282,231.5771517,"OCGSV57_36",14,"PICT0030_01.jpeg","F:\Stills\PNGSV\OCGSV57Stills\","OCGSV57","B100815620","OCGSV57Stills",720,480,"B10","PICT0030","PICT0030_OCGSV57","19:37","27/04/2017","strict","Y",4.02683919689643,-0.313317194214236,537.627418914118,2.93155094014615,6.5,0.451007836945561,14
"Da",170,119.4394576,269.1342939,"OCGSV57_38",3,"PICT0058_01.jpeg","F:\Stills\PNGSV\OCGSV57Stills\","OCGSV57","B100815620","OCGSV57Stills",720,480,"B10","PICT0058","PICT0058_OCGSV57","17:59","10/05/2017","strict","Y",2.87779945849446,-0.258097929022972,38.7988248322568,0.225058345980167,9.5,0.0236903522084386,3
"Da",204,684.1875946,305.3004307,"OCGSV57_40",5,"PICT0059_15.jpeg","F:\Stills\PNGSV\OCGSV57Stills\","OCGSV57","B100815620","OCGSV57Stills",720,480,"B10","PICT0059","PICT0059_OCGSV57","18:03","10/05/2017","strict","Y",2.3035379990651,0.347821575169507,192.636643103282,0.822754428333072,2.5,0.329101771333229,5
"Lt",210,604.0700533,338.7453461,"OCGSV57_42",2,"PICT0061_01.jpeg","F:\Stills\PNGSV\OCGSV57Stills\","OCGSV57","B100815620","OCGSV57Stills",720,480,"B10","PICT0061","PICT0061_OCGSV57","18:50","12/05/2017","strict","Y",1.90629820365758,0.261863290898767,100.615226813547,0.211067365436858,0.5,0.422134730873715,2
"Mt",230,393.6907224,295.2185879,"OCGSV57_44",7,"PICT0062_01.jpeg","F:\Stills\PNGSV\OCGSV57Stills\","OCGSV57","B100815620","OCGSV57Stills",720,480,"B10","PICT0062","PICT0062_OCGSV57","20:29","12/05/2017","strict","Y",2.42569348937661,0.0361468493210709,308.442887025565,1.74923187928111,3,0.583077293093702,7
"Da",23,372.8888889,422.2222222,"OCGSV58_1",11,"a(8)_02.jpeg","F:\Stills\PNGSV\OCGSV58Stills\","OCGSV58","B110304357","OCGSV58Stills",720,480,"B11","a(8)","a(8)_OCGSV58","17:03","05/06/2017","strict","Y",0.843756958399905,0.0137673942628165,252.180276375429,2.0440529060615,6,0.340675484343583,11
"Da",0,401.3333333,271.1111111,"OCGSV60_1",11,"a(07)_01.jpeg","F:\Stills\PNGSV\OCGSV60Stills\","OCGSV60","B131000470","OCGSV60Stills",720,480,"B13","a(7)","a(7)_OCGSV60","06:15","30/05/2017","strict","Y",2.60487412686503,0.0442794585027338,265.533971892972,0.992928815759739,10.5,0.0945646491199751,11
"Da",39,22.7616187,383.0781176,"OCGSV60_3",4,"a(08)_18.jpeg","F:\Stills\PNGSV\OCGSV60Stills\","OCGSV60","B131000470","OCGSV60Stills",720,480,"B13","a(8)","a(8)_OCGSV60","06:15","30/05/2017","strict","Y",1.06937528955443,-0.361275796508347,139.815841630823,0.191121891100024,2,0.0955609455500118,4
"Da",44,473.0517407,299.2772264,"OCGSV60_5",4,"a(09)_01.jpeg","F:\Stills\PNGSV\OCGSV60Stills\","OCGSV60","B131000470","OCGSV60Stills",720,480,"B13","a(9)","a(9)_OCGSV60","06:16","30/05/2017","strict","Y",1.79093329033693,0.121109754798979,953.719704856723,2.59157765340318,2,1.29578882670159,4
"Da",66,126.6747238,304.8639525,"OCGSV60_7",3,"a(14)_01.jpeg","F:\Stills\PNGSV\OCGSV60Stills\","OCGSV60","B131000470","OCGSV60Stills",720,480,"B13","a(14)","a(14)_OCGSV60","17:55","05/06/2017","strict","Y",1.93935668283286,-0.249956053874242,88.4811526152868,0.192362089435375,1.5,0.128241392956916,3
"Lt",0,383.5555556,354.6666667,"OCPD08_1",15,"a(4)_01.jpeg","F:\Stills\APAPD\OCPD08Stills\","OCPD08","B1210811916","OCPD08Stills",720,480,"B12","a(4)","a(4)_OCPD08","05:13","05/06/2015","multiple-use","Y",1.63947007201906,0.0251320353663111,500.112944209379,5.75848999927269,7,0.822641428467527,15
"Lt",0,264.2626866,392.0640769,"OCPD11_1",16,"a(4)_01.jpeg","F:\Stills\APAPD\OCPD11Stills\","OCPD11","B120521018","OCPD11Stills",720,480,"B12","a(4)","a(4)_OCPD11","23:49","28/05/2015","multiple-use","Y",2.57594826512554,-0.102144631487462,188.316655894192,2.3457392853761,10.5,0.223403741464391,16
"Lt",43,175.5729757,381.8159032,"OCPD11_4",20,"a(8)_01.jpeg","F:\Stills\APAPD\OCPD11Stills\","OCPD11","B120521018","OCPD11Stills",720,480,"B12","a(8)","a(8)_OCPD11","10:05","07/06/2015","multiple-use","Y",2.79782083991571,-0.196769992434869,161.906538132981,4.18995894126669,10.5,0.399043708692066,20
"Lt",70,476.6925137,427.4661651,"OCPD11_6",8,"a(9)_06.jpeg","F:\Stills\APAPD\OCPD11Stills\","OCPD11","B120521018","OCPD11Stills",720,480,"B12","a(9)","a(9)_OCPD11","05:07","11/06/2015","multiple-use","Y",2.06688195469655,0.124502280102964,196.890993143224,1.18263301997389,7.5,0.157684402663185,8
"Lt",86,198.5741763,374.5558473,"OCPD11_8",14,"PICT0004_01.jpeg","F:\Stills\APAPD\OCPD11Stills\","OCPD11","B120521018","OCPD11Stills",720,480,"B12","PICT0004","PICT0004_OCPD11","10:35","17/04/2015","multiple-use","Y",2.89503925569601,-0.172229412846637,161.167130680111,4.36146081940602,6.5,0.670993972216311,14
"Lt",0,144.4444444,264.8888889,"OCPD21_1",14,"a(10)_01.jpeg","F:\Stills\APAPD\OCPD21Stills\","OCPD21","B100817126","OCPD21Stills",720,480,"B10","a(10)","a(10)_OCPD21","01:33","09/06/2015","multiple-use","Y",2.20748169929889,-0.231270024313664,405.456297235727,5.18052299619418,8.5,0.609473293669904,14
"Lt",0,611.1111111,280.8888889,"OCPD31_1",4,"a(24)_01.jpeg","F:\Stills\APAPD\OCPD31Stills\","OCPD31","B121017980","OCPD31Stills",720,480,"B12","a(24)","a(24)_OCPD31","15:55","15/06/2015","multiple-use","Y",2.26053030805513,0.267916980274449,141.473853895314,0.642048476670595,1.5,0.428032317780397,4
"Lt",0,444,269.3333333,"OCPD37_1",9,"a(9)_01.jpeg","F:\Stills\APAPD\OCPD37Stills\","OCPD37","B120100832","OCPD37Stills",720,480,"B12","a(9)","a(9)_OCPD37","21:41","19/06/2015","multiple-use","Y",3.99668926314388,0.0896217863258611,229.892856367766,2.11526927264831,4,0.528817318162076,9
"Lt",0,866.6710222,690.3353798,"OCPD41_1",15,"EK000011_01.jpeg","F:\Stills\APAPD\OCPD41Stills\","OCPD41","B131200699","OCPD41Stills",720,480,"B13","EK000011","EK000011_OCPD41","04:33","14/05/2015","multiple-use","Y",0.628149320065871,0.542785125487148,763.07482825295,1.8187596727888,10.5,0.173215206932266,15
"Lt",0,720.311582,329.1536224,"OCPD45_1",2,"EK000014_01.jpeg","F:\Stills\APAPD\OCPD45Stills\","OCPD45","B131200426","OCPD45Stills",720,480,"B13","EK000014","EK000014_OCPD45","18:52","19/05/2015","multiple-use","Y",1.84491570379287,0.385993590873141,73.2453369999999,0.146070812779549,0.5,0.292141625559098,2
"Lt",0,507.1111111,264.8888889,"OCPD46_1",7,"a(5)_01.jpeg","F:\Stills\APAPD\OCPD46Stills\","OCPD46","B100815620","OCPD46Stills",720,480,"B10","a(5)","a(5)_OCPD46","04:30","03/06/2015","multiple-use","Y",1.54269393253087,0.157835830981974,267.904141013833,0.622536106802054,3,0.207512035600685,7
"Lt",0,476.8888889,253.3333333,"OCPD55_1",19,"EK000044_01.jpeg","F:\Stills\APAPD\OCPD55Stills\","OCPD55","B131200441","OCPD55Stills",720,480,"B13","EK000044","EK000044_OCPD55","01:42","23/06/2015","multiple-use","Y",2.8589540369703,0.12522040426578,236.045726590626,2.78239707774225,10.5,0.264990197880214,19
"Lt",0,324,292.4444444,"OCPD57_1",9,"a(14)_01.jpeg","F:\Stills\APAPD\OCPD57Stills\","OCPD57","B110307295","OCPD57Stills",720,480,"B11","a(14)","a(14)_OCPD57","00:37","02/06/2015","multiple-use","Y",2.61965981779465,-0.0384537563560964,270.686156203614,11.9756341927114,4,2.99390854817786,9
"Da",0,690.8032859,416.4066891,"OCPD62_1",5,"a(05)_01.jpeg","F:\Stills\APAPD\OCPD62Stills\","OCPD62","B101014253","OCPD62Stills",720,480,"B10","a(5)","a(5)_OCPD62","16:09","30/05/2015","multiple-use","Y",1.42417066122277,0.354919564750633,53.5336053870886,0.0868125845338266,4.5,0.0192916854519615,5
"Da",105,229.12349,276.5442838,"OCPD62_10",12,"a(12)_01.jpeg","F:\Stills\APAPD\OCPD62Stills\","OCPD62","B101014253","OCPD62Stills",720,480,"B10","a(12)","a(12)_OCPD62","06:29","05/06/2015","multiple-use","Y",3.37668452638534,-0.140417692160784,152.097745236554,0.627140813680286,10,0.0627140813680286,12
"Da",126,607.558858,220.234426,"OCPD62_12",17,"a(13)_01.jpeg","F:\Stills\APAPD\OCPD62Stills\","OCPD62","B101014253","OCPD62Stills",720,480,"B10","a(13)","a(13)_OCPD62","06:31","05/06/2015","multiple-use","Y",5.15129439335522,0.265606437047558,618.869052976243,3.97197829708266,8,0.496497287135333,17
"Da",147,302.9756417,317.2334508,"OCPD62_14",5,"a(17)_01.jpeg","F:\Stills\APAPD\OCPD62Stills\","OCPD62","B101014253","OCPD62Stills",720,480,"B10","a(17)","a(17)_OCPD62","09:16","15/06/2015","multiple-use","Y",2.45287803279361,-0.0611815580155341,294.592617592121,0.833901938603178,2.5,0.333560775441271,5
"Lt",168,229.4736911,382.2134425,"OCPD62_16",18,"a(23)_01.jpeg","F:\Stills\APAPD\OCPD62Stills\","OCPD62","B101014253","OCPD62Stills",720,480,"B10","a(23)","a(23)_OCPD62","04:01","18/06/2015","multiple-use","Y",1.77003341434229,-0.140041960639106,239.468480977043,2.26071191173579,9.5,0.237969674919557,18
"Da",192,741.7553158,263.2005303,"OCPD62_18",11,"a(24)_05.jpeg","F:\Stills\APAPD\OCPD62Stills\","OCPD62","B101014253","OCPD62Stills",720,480,"B10","a(24)","a(24)_OCPD62","17:54","22/06/2015","multiple-use","Y",3.14442016288569,0.409586108421955,371.968531977112,1.43303251728598,7.5,0.191071002304797,11
"Da",208,647.5616187,221.9907878,"OCPD62_20",10,"a(26)_01.jpeg","F:\Stills\APAPD\OCPD62Stills\","OCPD62","B101014253","OCPD62Stills",720,480,"B10","a(26)","a(26)_OCPD62","06:24","26/06/2015","multiple-use","Y",4.92734925051834,0.308525485985783,105.148804809274,0.810176172960727,10,0.0810176172960727,10
"Da",233,758.2392339,282.0392697,"OCPD62_22",9,"a(28)_05.jpeg","F:\Stills\APAPD\OCPD62Stills\","OCPD62","B101014253","OCPD62Stills",720,480,"B10","a(28)","a(28)_OCPD62","17:10","26/06/2015","multiple-use","Y",2.71934469014313,0.427271739994568,138.335414895024,0.457171162957278,8,0.0571463953696598,9
"Da",250,489.7871762,473.9589274,"OCPD62_24",6,"a(29)_01.jpeg","F:\Stills\APAPD\OCPD62Stills\","OCPD62","B101014253","OCPD62Stills",720,480,"B10","a(29)","a(29)_OCPD62","16:33","27/06/2015","multiple-use","Y",1.20968261341175,0.139248943558084,241.732217378741,0.343244384446078,2.5,0.137297753778431,6
"Da",271,619.3035096,356.2168061,"OCPD62_26",9,"a(32)_01.jpeg","F:\Stills\APAPD\OCPD62Stills\","OCPD62","B101014253","OCPD62Stills",720,480,"B10","a(32)","a(32)_OCPD62","16:43","27/06/2015","multiple-use","Y",1.84746478398728,0.278207299287119,421.429981725169,1.20830918848918,10,0.120830918848918,9
"Da",292,188.3673457,342.0877516,"OCPD62_28",10,"PICT0009_01.jpeg","F:\Stills\APAPD\OCPD62Stills\","OCPD62","B101014253","OCPD62Stills",720,480,"B10","PICT0009","PICT0009_OCPD62","07:43","22/04/2015","multiple-use","Y",2.18138750608675,-0.184145048001628,509.017639266043,1.2620231486368,5.5,0.229458754297599,10
"Da",21,652.7948729,415.3207344,"OCPD62_3",12,"a(07)_01.jpeg","F:\Stills\APAPD\OCPD62Stills\","OCPD62","B101014253","OCPD62Stills",720,480,"B10","a(7)","a(7)_OCPD62","16:00","02/06/2015","multiple-use","Y",1.43830570627359,0.314140255796307,382.410480382615,0.934474593331031,10,0.0934474593331031,12
"Da",313,37.6574304,284.3941121,"OCPD62_30",14,"PICT0017_01.jpeg","F:\Stills\APAPD\OCPD62Stills\","OCPD62","B101014253","OCPD62Stills",720,480,"B10","PICT0017","PICT0017_OCPD62","10:15","27/04/2015","multiple-use","Y",3.38675419742955,-0.345842043835129,407.383902311748,2.58522860840095,10,0.258522860840095,14
"Da",334,242.5287215,324.4264334,"OCPD62_31",10,"PICT0019_01.jpeg","F:\Stills\APAPD\OCPD62Stills\","OCPD62","B101014253","OCPD62Stills",720,480,"B10","PICT0019","PICT0019_OCPD62","14:24","27/04/2015","multiple-use","Y",2.38436684756799,-0.126035190135699,477.709876123853,1.20925926100153,5.5,0.219865320182097,10
"Da",355,416.787061,432.749185,"OCPD62_33",9,"PICT0023_01.jpeg","F:\Stills\APAPD\OCPD62Stills\","OCPD62","B101014253","OCPD62Stills",720,480,"B10","PICT0023","PICT0023_OCPD62","05:58","29/04/2015","multiple-use","Y",1.40076443978391,0.0609269612263778,316.069057417815,1.10210060917107,4,0.275525152292768,9
"Da",375,486.2549125,405.6684971,"OCPD62_35",7,"PICT0026_01.jpeg","F:\Stills\APAPD\OCPD62Stills\","OCPD62","B101014253","OCPD62Stills",720,480,"B10","PICT0026","PICT0026_OCPD62","18:06","29/04/2015","multiple-use","Y",1.53238245379007,0.135459170153694,430.61730385963,0.766616536934052,5,0.15332330738681,7
"Da",416,-82.41479732,563.4264489,"OCPD62_38",11,"PICT0053_01.jpeg","F:\Stills\APAPD\OCPD62Stills\","OCPD62","B101014253","OCPD62Stills",720,480,"B10","PICT0053","PICT0053_OCPD62","15:34","04/05/2015","multiple-use","Y",1.00813942050635,-0.474667798044548,703.873201043619,0.893145392447581,10,0.0893145392447581,11
"Da",437,537.2785913,388.1070308,"OCPD62_40",6,"PICT0054_01.jpeg","F:\Stills\APAPD\OCPD62Stills\","OCPD62","B101014253","OCPD62Stills",720,480,"B10","PICT0054","PICT0054_OCPD62","15:35","04/05/2015","multiple-use","Y",1.63008305554436,0.190202586085622,57.6213216256968,0.384047986904331,10,0.0384047986904331,6
"Da",479,533.8069197,521.7663892,"OCPD62_42",6,"PICT0056_01.jpeg","F:\Stills\APAPD\OCPD62Stills\","OCPD62","B101014253","OCPD62Stills",720,480,"B10","PICT0056","PICT0056_OCPD62","06:35","06/05/2015","multiple-use","Y",1.04925569485175,0.186477822077076,211.42209737222,0.251912598241435,3.5,0.0719750280689814,6
"Da",491,757.7297408,443.6537772,"OCPD62_44",7,"PICT0056_13.jpeg","F:\Stills\APAPD\OCPD62Stills\","OCPD62","B101014253","OCPD62Stills",720,480,"B10","PICT0056","PICT0056_OCPD62","06:35","06/05/2015","multiple-use","Y",1.28410209430223,0.426725103739721,201.459716993268,0.614506856771911,4,0.153626714192978,7
"Da",521,325.3463211,222.7437259,"OCPD62_47",14,"PICT0058_01.jpeg","F:\Stills\APAPD\OCPD62Stills\","OCPD62","B101014253","OCPD62Stills",720,480,"B10","PICT0058","PICT0058_OCPD62","08:15","06/05/2015","multiple-use","Y",5.88993952669584,-0.0371800074438021,380.317588055629,3.03866656017162,8.5,0.357490183549603,14
"Da",542,459.430567,447.8486642,"OCPD62_49",4,"PICT0061_01.jpeg","F:\Stills\APAPD\OCPD62Stills\","OCPD62","B101014253","OCPD62Stills",720,480,"B10","PICT0061","PICT0061_OCPD62","08:27","08/05/2015","multiple-use","Y",1.32109961496169,0.106679271539088,252.40880243459,0.365364145050557,1.5,0.243576096700371,4
"Da",42,324.8365658,351.2494095,"OCPD62_5",9,"a(08)_01.jpeg","F:\Stills\APAPD\OCPD62Stills\","OCPD62","B101014253","OCPD62Stills",720,480,"B10","a(8)","a(8)_OCPD62","06:39","03/06/2015","multiple-use","Y",2.01375079563838,-0.0377269250135992,160.598124262862,1.51329711742731,10,0.151329711742731,9
"Da",545,-25.03440903,396.9553738,"OCPD62_51",7,"PICT0061_04.jpeg","F:\Stills\APAPD\OCPD62Stills\","OCPD62","B101014253","OCPD62Stills",720,480,"B10","PICT0061","PICT0061_OCPD62","08:27","08/05/2015","multiple-use","Y",1.73989629877846,-0.41310425467858,748.795943133642,1.3357031602146,7.5,0.17809375469528,7
"Da",563,214.7512862,247.2116539,"OCPD62_53",4,"PICT0062_01.jpeg","F:\Stills\APAPD\OCPD62Stills\","OCPD62","B101014253","OCPD62Stills",720,480,"B10","PICT0062","PICT0062_OCPD62","08:43","08/05/2015","multiple-use","Y",4.54597720298091,-0.155837660869152,45.1281653628657,0.304515410629253,10,0.0304515410629253,4
"Da",584,389.9416513,329.4238923,"OCPD62_55",8,"PICT0063_01.jpeg","F:\Stills\APAPD\OCPD62Stills\","OCPD62","B101014253","OCPD62Stills",720,480,"B10","PICT0063","PICT0063_OCPD62","08:56","08/05/2015","multiple-use","Y",2.23134483195943,0.0321244627857889,397.244024063677,1.22104760044983,3.5,0.348870742985664,8
"Da",609,313.4847194,534.8906428,"OCPD62_57",6,"PICT0069_05.jpeg","F:\Stills\APAPD\OCPD62Stills\","OCPD62","B101014253","OCPD62Stills",720,480,"B10","PICT0069","PICT0069_OCPD62","06:34","09/05/2015","multiple-use","Y",1.03901513230091,-0.0499063456999523,345.179589891415,0.651077105585994,2.5,0.260430842234398,6
"Da",626,358.6971914,324.785626,"OCPD62_59",6,"PICT0070_01.jpeg","F:\Stills\APAPD\OCPD62Stills\","OCPD62","B101014253","OCPD62Stills",720,480,"B10","PICT0070","PICT0070_OCPD62","07:09","09/05/2015","multiple-use","Y",2.30967865860389,-0.00139778617980582,367.452646080805,1.04033189917979,2.5,0.416132759671915,6
"Da",647,-17.63014884,323.4558474,"OCPD62_61",11,"PICT0071_01.jpeg","F:\Stills\APAPD\OCPD62Stills\","OCPD62","B101014253","OCPD62Stills",720,480,"B10","PICT0071","PICT0071_OCPD62","10:37","09/05/2015","multiple-use","Y",2.57331650954075,-0.405160207820685,189.01190718554,0.534150006818719,10,0.0534150006818719,11
"Da",668,334.7611768,262.2860324,"OCPD62_63",14,"PICT0072_01.jpeg","F:\Stills\APAPD\OCPD62Stills\","OCPD62","B101014253","OCPD62Stills",720,480,"B10","PICT0072","PICT0072_OCPD62","10:41","09/05/2015","multiple-use","Y",3.68481777913574,-0.0270787882913293,361.594226957542,1.85401993264738,7.5,0.247202657686317,14
"Da",689,192.4748679,239.6797964,"OCPD62_65",10,"PICT0128_01.jpeg","F:\Stills\APAPD\OCPD62Stills\","OCPD62","B101014253","OCPD62Stills",720,480,"B10","PICT0128","PICT0128_OCPD62","16:23","15/05/2015","multiple-use","Y",5.04053589347041,-0.17973807850173,106.555973724729,1.36390466936163,10,0.136390466936163,10
"Da",710,665.876045,441.8061417,"OCPD62_67",7,"PICT0194_01.jpeg","F:\Stills\APAPD\OCPD62Stills\","OCPD62","B101014253","OCPD62Stills",720,480,"B10","PICT0194","PICT0194_OCPD62","16:54","18/05/2015","multiple-use","Y",1.30880861704076,0.328175073786488,116.304712784204,0.492255706926742,10,0.0492255706926742,7
"Da",63,790.5589865,458.0024896,"OCPD62_7",16,"a(10)_01.jpeg","F:\Stills\APAPD\OCPD62Stills\","OCPD62","B101014253","OCPD62Stills",720,480,"B10","a(10)","a(10)_OCPD62","06:27","05/06/2015","multiple-use","Y",1.22126162316291,0.461947672836141,533.601842132548,0.966642208353035,10,0.0966642208353035,16
