"species","frame_number","x","y","sequence_id","number_of_points","still_file","Path","site_id","CT_serial_number","Folder","xdim","ydim","cam_id","file_name","file_id","Time","Date","PA_cat","Dig","radius","angle","dtime","rtime","absangle"
"Lt",0,254.6666667,347.5555556,"OCCAJ01_0",1,"a(24)_01.jpeg","F:\Stills\RPPNP\OCCAJ01Stills\","OCCAJ01","B110816640","OCCAJ01Stills",640,480,"B11","a(24)","a(24)_OCCAJ01","08:01:58","15/08/2015","strict","Y",2.23249105481305,-0.0785097525203075,0.334699074074074,2.10297630454883,0.0785097525203075
"Mt",22,336.4444444,325.3333333,"OCCAJ01_2",1,"PICT0020_01.jpeg","F:\Stills\RPPNP\OCCAJ01Stills\","OCCAJ01","B110816640","OCCAJ01Stills",640,480,"B11","PICT0020","PICT0020_OCCAJ01","08:55:08","26/09/2015","strict","Y",2.71377993304169,0.0197609580740305,0.37162037037037,2.33495965095975,0.0197609580740305
"Lt",27,445.7250022,355.0098334,"OCCAJ04_4",1,"a(51)_01.jpeg","F:\Stills\RPPNP\OCCAJ04Stills\","OCCAJ04","B121000651","OCCAJ04Stills",640,480,"B12","a(51)","a(51)_OCCAJ04","10:25:52","28/08/2015","strict","Y",2.05790990570622,0.150906686825716,0.43462962962963,2.73085850295379,0.150906686825716
"Lt",0,327.5555556,242.6666684,"OCCAJ06_0",1,"a(43)_01.jpeg","F:\Stills\RPPNP\OCCAJ06Stills\","OCCAJ06","B100817126","OCCAJ06Stills",720,480,"B10","a(43)","a(43)_OCCAJ06","23:13:06","17/08/2015","strict","Y",5.22486217203105,-0.0348097149449268,0.967430555555555,6.07854545238325,0.0348097149449268
"Lt",0,-33.44419877,354.0748726,"OCCAJ11_0",1,"a(6)_01.jpeg","F:\Stills\RPPNP\OCCAJ11Stills\","OCCAJ11","B131000470","OCCAJ11Stills",720,480,"B13","a(6)","a(6)_OCCAJ11","01:21:34","13/08/2015","strict","Y",2.67991048885462,-0.421487808547431,0.0566435185185185,0.35590172330251,0.421487808547431
"Lt",22,422.700863,402.8665085,"OCCAJ11_1",1,"a(7)_01.jpeg","F:\Stills\RPPNP\OCCAJ11Stills\","OCCAJ11","B131000470","OCCAJ11Stills",720,480,"B13","a(7)","a(7)_OCCAJ11","22:27:26","14/08/2015","strict","Y",1.64602984377912,0.0671700063758008,0.935717592592593,5.87928702944723,0.0671700063758008
"Lt",44,207.1099134,357.4789402,"OCCAJ11_3",1,"EK000002_01.jpeg","F:\Stills\RPPNP\OCCAJ11Stills\","OCCAJ11","B131000470","OCCAJ11Stills",720,480,"B13","EK000002","EK000002_OCCAJ11","00:35:18","13/09/2015","strict","Y",2.33162201297611,-0.163787667351863,0.0245138888888889,0.1540253064885,0.163787667351863
"Lt",66,145.4079757,357.624676,"OCCAJ11_5",1,"EK000007_01.jpeg","F:\Stills\RPPNP\OCCAJ11Stills\","OCCAJ11","B131000470","OCCAJ11Stills",720,480,"B13","EK000007","EK000007_OCCAJ11","01:25:58","22/09/2015","strict","Y",2.39414426393527,-0.229887547806591,0.0596990740740741,0.375100345074448,0.229887547806591
"Lt",8,647.1672234,406.8156749,"OCCAJ12_4",1,"EK000078_01.jpeg","F:\Stills\RPPNP\OCCAJ12Stills\","OCCAJ12","B140806204","OCCAJ12Stills",640,480,"B14","EK000078","EK000078_OCCAJ12","05:13:14","02/10/2015","strict","Y",1.55462069864772,0.396615614893035,0.217523148148148,1.36673824841589,0.396615614893035
"Mt",0,355.1111111,320,"OCCAJ13_0",1,"a(3)_01.jpeg","F:\Stills\RPPNP\OCCAJ13Stills\","OCCAJ13","B140415863","OCCAJ13Stills",640,480,"B14","a(3)","a(3)_OCCAJ13","21:06","06/08/2015","strict","Y",3.83671366534845,0.0425642115789774,0.879166666666667,5.52396708256205,0.0425642115789774
"Mt",22,196.8888889,453.3333333,"OCCAJ13_2",1,"a(4)_01.jpeg","F:\Stills\RPPNP\OCCAJ13Stills\","OCCAJ13","B140415863","OCCAJ13Stills",640,480,"B14","a(4)","a(4)_OCCAJ13","21:07","06/08/2015","strict","Y",1.42511313920524,-0.149244134304351,0.879861111111111,5.52833040569204,0.149244134304351
"Da",101,192.1895812,386.7554405,"OCCAJ17_18",1,"a(23)_01.jpeg","F:\Stills\RPPNP\OCCAJ17Stills\","OCCAJ17","B110817581","OCCAJ17Stills",640,480,"B11","a(23)","a(23)_OCCAJ17","21:25:52","14/08/2015","strict","Y",1.93805007389148,-0.153587209509558,0.892962962962963,5.61065176874444,0.153587209509558
"Lt",0,42.02607925,454.7354589,"OCCAJ18_0",1,"a(19)_01.jpeg","F:\Stills\RPPNP\OCCAJ18Stills\","OCCAJ18","B110817501","OCCAJ18Stills",640,480,"B11","a(19)","a(19)_OCCAJ18","06:17:26","31/08/2015","strict","Y",1.85157930594373,-0.334035669433417,0.262106481481481,1.64686359336098,0.334035669433417
"Lt",0,477.7777778,392.8888889,"OCCAJ26_0",1,"a(592)_01.jpeg","F:\Stills\RPPNP\OCCAJ26Stills\","OCCAJ26","B100081557","OCCAJ26Stills",720,480,"B10","a(592)","a(592)_OCCAJ26","23:56:50","26/08/2015","strict","Y",1.31935163790407,0.12636403390113,0.997800925925926,6.26936811726796,0.12636403390113
"Mt",10,664.8146449,393.5146383,"OCCAJ32_0",1,"a(5)_11.jpeg","F:\Stills\RPPNP\OCCAJ32Stills\","OCCAJ32","B121001275","OCCAJ32Stills",640,480,"B12","a(5)","a(5)_OCCAJ32","fail","07/08/2015","strict","Y",1.87005114404698,0.4138781842936,NA,NA,0.4138781842936
"Mt",0,406.2222222,462.2222222,"OCCAJ35_0",1,"PICT0005_01.jpeg","F:\Stills\RPPNP\OCCAJ35Stills\","OCCAJ35","B120101027","OCCAJ35Stills",640,480,"B12","PICT0005","PICT0005_OCCAJ35","23:32:02","09/09/2015","strict","Y",1.15770245386714,0.103491824659143,0.980578703703704,6.16115770364432,0.103491824659143
"Mt",22,308,410.6666667,"OCCAJ35_2",1,"PICT0006_01.jpeg","F:\Stills\RPPNP\OCCAJ35Stills\","OCCAJ35","B120101027","OCCAJ35Stills",640,480,"B12","PICT0006","PICT0006_OCCAJ35","03:17:16","10/09/2015","strict","Y",1.60031014037623,-0.0144035013737991,0.136990740740741,0.86073820944187,0.0144035013737991
"Lt",0,611.3626636,320.3022845,"OCCAJ39_0",1,"a(08)_01.jpeg","F:\Stills\RPPNP\OCCAJ39Stills\","OCCAJ39","B100815620","OCCAJ39Stills",640,480,"B10","a(8)","a(8)_OCCAJ39","04:29:26","13/08/2015","strict","Y",2.09209971347722,0.351679089739611,0.187106481481481,1.17562469532251,0.351679089739611
"Lt",21,481.8692862,372.9931654,"OCCAJ39_2",1,"a(11)_01.jpeg","F:\Stills\RPPNP\OCCAJ39Stills\","OCCAJ39","B100815620","OCCAJ39Stills",640,480,"B10","a(11)","a(11)_OCCAJ39","18:10:58","13/08/2015","strict","Y",1.50863908208219,0.195378647779552,0.757615740740741,4.7602400907102,0.195378647779552
"Mt",47,661.4248427,359.659832,"OCCAJ39_4",1,"PICT0003_06.jpeg","F:\Stills\RPPNP\OCCAJ39Stills\","OCCAJ39","B100815620","OCCAJ39Stills",640,480,"B10","PICT0003","PICT0003_OCCAJ39","04:23:56","06/09/2015","strict","Y",1.75671153293031,0.412104888154331,0.183287037037037,1.15162641810759,0.412104888154331
"Mt",63,285.4248407,199.6598311,"OCCAJ39_5",1,"PICT0004_01.jpeg","F:\Stills\RPPNP\OCCAJ39Stills\","OCCAJ39","B100815620","OCCAJ39Stills",640,480,"B10","PICT0004","PICT0004_OCCAJ39","04:24:36","06/09/2015","strict","Y",3.94817291610202,-0.0417327340435051,0.18375,1.15453530019425,0.0417327340435051
"Mt",87,666.7581761,273.4376093,"OCCAJ39_6",1,"PICT0026_04.jpeg","F:\Stills\RPPNP\OCCAJ39Stills\","OCCAJ39","B100815620","OCCAJ39Stills",640,480,"B10","PICT0026","PICT0026_OCCAJ39","03:49:50","27/09/2015","strict","Y",3.00626664037874,0.418542301281377,0.159606481481481,1.00283709937508,0.418542301281377
"Mt",0,324.8888889,433.7777778,"OCCAJ41_0",1,"PICT0007_01.jpeg","F:\Stills\RPPNP\OCCAJ41Stills\","OCCAJ41","B120521018","OCCAJ41Stills",640,480,"B12","PICT0007","PICT0007_OCCAJ41","03:57:30","07/09/2015","strict","Y",1.61372060758275,0.00586809316562507,0.164930555555556,1.03628924337163,0.00586809316562507
"Mt",22,346.7862188,517.5332583,"OCCAJ41_1",1,"PICT0008_01.jpeg","F:\Stills\RPPNP\OCCAJ41Stills\","OCCAJ41","B120521018","OCCAJ41Stills",640,480,"B12","PICT0008","PICT0008_OCCAJ41","23:56:10","09/09/2015","strict","Y",1.13854846922561,0.0321512782737235,0.997337962962963,6.26645923518131,0.0321512782737235
"Mt",0,633.0777119,552.0933697,"OCCAJ43_0",1,"PICT0005_01.jpeg","F:\Stills\RPPNP\OCCAJ43Stills\","OCCAJ43","B110304357","OCCAJ43Stills",720,480,"B11","PICT0005","PICT0005_OCCAJ43","21:47:58","12/09/2015","strict","Y",1.58854155112162,0.291690661102303,0.908310185185185,5.70708120991713,0.291690661102303
"Lt",0,381.3333333,366.2222222,"OCCL03_0",1,"b(8)_01.jpeg","F:\Stills\Catule\OCCL03Stills\","OCCL03","B121001275","OCCL03Stills",720,480,"B12","b(8)","b(8)_OCCL03","22:59:52","24/05/2016","multiple-use","Y",2.77666272117697,0.0227610885551307,0.958240740740741,6.02080414296311,0.0227610885551307
"Lt",22,569.3679914,363.5416923,"OCCL03_2",1,"PICT0033_01.jpeg","F:\Stills\Catule\OCCL03Stills\","OCCL03","B121001275","OCCL03Stills",720,480,"B12","PICT0033","PICT0033_OCCL03","23:08:22","12/05/2016","multiple-use","Y",2.66074783492355,0.223380159389589,0.964143518518518,6.05789238956798,0.223380159389589
"Mt",0,245.3333333,422.2222222,"OCCL10_0",1,"EK000008_01.jpeg","F:\Stills\Catule\OCCL10Stills\","OCCL10","B131200715","OCCL10Stills",720,480,"B13","EK000008","EK000008_OCCL10","17:24:04","08/05/2016","multiple-use","Y",1.73662797010762,-0.122839788239132,0.725046296296296,4.55560023591387,0.122839788239132
"Lt",0,211.5555556,385.7777778,"OCCL12_0",1,"b(2)_01.jpeg","F:\Stills\Catule\OCCL12Stills\","OCCL12","B140415863","OCCL12Stills",720,480,"B14","b(2)","b(2)_OCCL12","05:23:34","25/05/2016","multiple-use","Y",1.8520809738217,-0.159960018763667,0.224699074074074,1.41182592075908,0.159960018763667
"Lt",0,653.3333333,303.1111111,"OCCL14_0",1,"b(14)_01.jpeg","F:\Stills\Catule\OCCL14Stills\","OCCL14","B131200419","OCCL14Stills",720,480,"B13","b(14)","b(14)_OCCL14","23:02:38","12/06/2016","multiple-use","Y",2.90455897583746,0.314241318624209,0.960162037037037,6.03287600362273,0.314241318624209
"Lt",152,645.985301,429.1702887,"OCCL14_10",1,"EK000027_01.jpeg","F:\Stills\Catule\OCCL14Stills\","OCCL14","B131200419","OCCL14Stills",720,480,"B13","EK000027","EK000027_OCCL14","17:35:16","09/05/2016","multiple-use","Y",1.44754667850678,0.306369538989524,0.732824074074074,4.60446945496971,0.306369538989524
"Lt",22,-125.0427008,444.7992191,"OCCL14_2",1,"EK000011_01.jpeg","F:\Stills\Catule\OCCL14Stills\","OCCL14","B131200419","OCCL14Stills",720,480,"B13","EK000011","EK000011_OCCL14","18:38:10","23/04/2016","multiple-use","Y",1.22734344162887,-0.519615197406001,0.77650462962963,4.87892247984581,0.519615197406001
"Lt",44,596.4936333,279.3928612,"OCCL14_3",1,"EK000012_01.jpeg","F:\Stills\Catule\OCCL14Stills\","OCCL14","B131200419","OCCL14Stills",720,480,"B13","EK000012","EK000012_OCCL14","20:12:40","24/04/2016","multiple-use","Y",3.50622635952645,0.253350242668866,0.84212962962963,5.29125651562948,0.253350242668866
"Lt",66,652.497359,321.0700638,"OCCL14_5",1,"EK000014_01.jpeg","F:\Stills\Catule\OCCL14Stills\","OCCL14","B131200419","OCCL14Stills",720,480,"B13","EK000014","EK000014_OCCL14","11:34:30","30/04/2016","multiple-use","Y",2.5404343418335,0.313345758397853,0.482291666666667,3.03032791377515,0.313345758397853
"Lt",88,464.9500079,344.5134827,"OCCL14_7",1,"EK000018_01.jpeg","F:\Stills\Catule\OCCL14Stills\","OCCL14","B131200419","OCCL14Stills",720,480,"B13","EK000018","EK000018_OCCL14","03:27:20","04/05/2016","multiple-use","Y",2.09355241559853,0.112430552985903,0.143981481481481,0.904662328950394,0.112430552985903
"Lt",110,343.825677,507.3150028,"OCCL14_8",1,"EK000025_01.jpeg","F:\Stills\Catule\OCCL14Stills\","OCCL14","B131200419","OCCL14Stills",720,480,"B13","EK000025","EK000025_OCCL14","17:31:02","09/05/2016","multiple-use","Y",1.06730610467304,-0.0173271838225618,0.729884259259259,4.58599805371943,0.0173271838225618
"Lt",0,121.7777778,376.8888889,"OCCL18_0",1,"PICT0003_01.jpeg","F:\Stills\Catule\OCCL18Stills\","OCCL18","B121018018","OCCL18Stills",720,480,"B12","PICT0003","PICT0003_OCCL18","02:43:28","15/04/2016","multiple-use","Y",1.74662831528918,-0.25416548923905,0.113518518518519,0.713257887648349,0.25416548923905
"Lt",0,253.3333333,246.2222222,"OCCL20_0",1,"b(22)_01.jpeg","F:\Stills\Catule\OCCL20Stills\","OCCL20","B131000482","OCCL20Stills",720,480,"B13","b(22)","b(22)_OCCL20","18:44:54","07/06/2016","multiple-use","Y",1.99806605906515,-0.114269570457498,0.781180555555556,4.90830218892105,0.114269570457498
"Lt",0,82.66666667,326.2222222,"OCCL22_0",1,"b(8)_01.jpeg","F:\Stills\Catule\OCCL22Stills\","OCCL22","B110309357","OCCL22Stills",720,480,"B11","b(8)","b(8)_OCCL22","03:28:20","15/06/2016","multiple-use","Y",3.96000344607554,-0.296236345258219,0.144675925925926,0.90902565208038,0.296236345258219
"Lt",21,-81.01556938,370.0133558,"OCCL22_2",1,"b(9)_01.jpeg","F:\Stills\Catule\OCCL22Stills\","OCCL22","B110309357","OCCL22Stills",720,480,"B11","b(9)","b(9)_OCCL22","02:35:32","17/06/2016","multiple-use","Y",1.80429160966019,-0.471075145949546,0.108009259259259,0.678642190817129,0.471075145949546
"Lt",42,89.13898473,304.6559972,"OCCL22_3",1,"PICT0013_01.jpeg","F:\Stills\Catule\OCCL22Stills\","OCCL22","B110309357","OCCL22Stills",720,480,"B11","PICT0013","PICT0013_OCCL22","03:22:42","15/05/2016","multiple-use","Y",8.95158896521154,-0.289322874654375,0.140763888888889,0.884445598448126,0.289322874654375
"Lt",0,310.2222222,232,"OCCL30_0",1,"b(11)_01.jpeg","F:\Stills\Catule\OCCL30Stills\","OCCL30","B140806204","OCCL30Stills",720,480,"B14","b(11)","b(11)_OCCL30","03:20:36","06/06/2016","multiple-use","Y",3.03944913640854,-0.0536392877691396,0.139305555555556,0.875282619875156,0.0536392877691396
"Lt",0,376,278.2222222,"OCCL31_0",1,"b(36)_01.jpeg","F:\Stills\Catule\OCCL31Stills\","OCCL31","B100825112","OCCL31Stills",720,480,"B10","b(36)","b(36)_OCCL31","23:47:56","08/06/2016","multiple-use","Y",2.8267293054136,0.0171664347908768,0.99162037037037,6.23053454141109,0.0171664347908768
"Lt",0,424.8888889,355.5555556,"OCCL39_0",1,"b(9)_01.jpeg","F:\Stills\Catule\OCCL39Stills\","OCCL39","B120100832","OCCL39Stills",720,480,"B12","b(9)","b(9)_OCCL39","08:17:20","12/06/2016","multiple-use","Y",1.56805521816331,0.0692316444752183,0.34537037037037,2.17002603664628,0.0692316444752183
"Lt",0,662.2222019,297.7777778,"OCCL42_0",1,"PICT0023_01.jpeg","F:\Stills\Catule\OCCL42Stills\","OCCL42","B110307281","OCCL42Stills",720,480,"B11","PICT0023","PICT0023_OCCL42","22:37:16","19/04/2016","multiple-use","Y",1.53392153930704,0.322821636590711,0.942546296296296,5.92219304022543,0.322821636590711
"Lt",0,187.1111111,289.7777846,"OCCL46_0",1,"b(3)_01.jpeg","F:\Stills\Catule\OCCL46Stills\","OCCL46","B130904560","OCCL46Stills",720,480,"B13","b(3)","b(3)_OCCL46","18:20:10","04/06/2016","multiple-use","Y",2.63682180116823,-0.185211928737219,0.76400462962963,4.80038266350607,0.185211928737219
"Lt",0,359.5555556,281.7777778,"OCCL49_0",1,"PICT0029_01.jpeg","F:\Stills\Catule\OCCL49Stills\","OCCL49","","OCCL49Stills",720,480,"B12","PICT0029","PICT0029_OCCL49","09:58:50","27/04/2016","multiple-use","Y",2.82694331870659,-0.000474189298220531,0.415856481481482,2.61290333433984,0.000474189298220531
"Lt",22,481.7777778,278.2222222,"OCCL49_1",1,"PICT0067_01.jpeg","F:\Stills\Catule\OCCL49Stills\","OCCL49","","OCCL49Stills",720,480,"B12","PICT0067","PICT0067_OCCL49","03:15:54","08/05/2016","multiple-use","Y",2.14498992912281,0.129927880728926,0.136041666666667,0.854775001164223,0.129927880728926
"Lt",64,536,424,"OCCL49_5",1,"PICT0082_01.jpeg","F:\Stills\Catule\OCCL49Stills\","OCCL49","","OCCL49Stills",720,480,"B12","PICT0082","PICT0082_OCCL49","05:08:10","18/05/2016","multiple-use","Y",0.806130269601635,0.187778980873233,0.21400462962963,1.3446307445573,0.187778980873233
"Lt",0,-12,257.7777778,"OCCL52_0",1,"b(10)_01.jpeg","F:\Stills\Catule\OCCL52Stills\","OCCL52","B120102688","OCCL52Stills",720,480,"B12","b(10)","b(10)_OCCL52","01:25:44","12/06/2016","multiple-use","Y",2.07462123097597,-0.396896482300242,0.059537037037037,0.374082236344118,0.396896482300242
"Lt",0,629.7777778,381.3333333,"OCCL53_0",1,"EK000006_01.jpeg","F:\Stills\Catule\OCCL53Stills\","OCCL53","B131200426","OCCL53Stills",720,480,"B13","EK000006","EK000006_OCCL53","01:39:40","29/04/2016","multiple-use","Y",1.45256429551114,0.289006788548913,0.069212962962963,0.434877871955254,0.289006788548913
"Lt",0,57.33333333,307.5555556,"OCCL58_0",1,"PICT0006 1.jpeg","F:\Stills\Catule\OCCL58Stills\","OCCL58","B101028494","OCCL58Stills",720,480,"B10","PICT0006 1.jpeg","PICT0006_OCCL58","02:45:12","17/04/2016","multiple-use","Y",2.37881849542004,-0.324731724797663,0.114722222222222,0.720820981073658,0.324731724797663
"Lt",0,456.4444444,203.5555556,"OCCL59_0",1,"b(4)_01.jpeg","F:\Stills\Catule\OCCL59Stills\","OCCL59","B121000651","OCCL59Stills",720,480,"B12","b(4)","b(4)_OCCL59","21:00:04","04/06/2016","multiple-use","Y",4.59840548026276,0.102899087956347,0.875046296296296,5.4980780319908,0.102899087956347
"Da",111,647.5793397,301.1968991,"OCCL60_39",1,"EK000005_02.jpeg","F:\Stills\Catule\OCCL60Stills\","OCCL60","B131000470","OCCL60Stills",720,480,"B13","EK000005","EK000005_OCCL60","20:07:32","26/04/2016","multiple-use","Y",1.98659429111343,0.308077196340943,0.838564814814815,5.26885812356222,0.308077196340943
"Lt",176,484.3021647,308.1869303,"OCCL60_43",1,"EK000010_01.jpeg","F:\Stills\Catule\OCCL60Stills\","OCCL60","B131000470","OCCL60Stills",720,480,"B13","EK000010","EK000010_OCCL60","01:11:22","04/05/2016","multiple-use","Y",1.97690755597778,0.133162077775944,0.0495601851851852,0.311395827376655,0.133162077775944
"Da",198,343.7125711,481.552012,"OCCL60_45",1,"EK000012_01.jpeg","F:\Stills\Catule\OCCL60Stills\","OCCL60","B131000470","OCCL60Stills",720,480,"B13","EK000012","EK000012_OCCL60","07:06:32","15/05/2016","multiple-use","Y",0.847769546072278,-0.0174483515969852,0.296203703703704,1.86110275904329,0.0174483515969852
"Da",220,72.02102523,439.2888826,"OCCL60_46",1,"EK000014_01.jpeg","F:\Stills\Catule\OCCL60Stills\","OCCL60","B131000470","OCCL60Stills",720,480,"B13","EK000014","EK000014_OCCL60","06:44:48","19/05/2016","multiple-use","Y",1.03372158766262,-0.308505316288828,0.281111111111111,1.76627320301826,0.308505316288828
"Lt",77,448.4833402,692.2041146,"OCCL61_28",1,"PICT0043_01.jpeg","F:\Stills\Catule\OCCL61Stills\","OCCL61","B101028490","OCCL61Stills",720,480,"B10","PICT0043","PICT0043_OCCL61","03:48:14","27/04/2016","multiple-use","Y",0.496774137615003,0.0949339681013918,0.15849537037037,0.995855782367098,0.0949339681013918
"Lt",0,220.9156813,488.8606126,"OCCL62_0",1,"EK000064 1.jpeg","F:\Stills\Catule\OCCL62Stills\","OCCL62","B140621053","OCCL62Stills",720,480,"B14","EK000064 1.jpeg","EK000064_OCCL62","17:39:30","28/04/2016","multiple-use","Y",0.827616330843236,-0.149873781527548,0.735763888888889,4.62294085621998,0.149873781527548
"Lt",0,584.4995939,245.5187668,"OCCL68_0",1,"b(33)_01.jpeg","F:\Stills\Catule\OCCL68Stills\","OCCL68","B101028533","OCCL68Stills",720,480,"B10","b(33)","b(33)_OCCL68","03:10:00","07/06/2016","multiple-use","Y",3.97301935092222,0.240866102453917,0.131944444444444,0.829031394697307,0.240866102453917
"Lt",20,269.6008547,262.2780834,"OCCL68_1",1,"PICT0051_01.jpeg","F:\Stills\Catule\OCCL68Stills\","OCCL68","B101028533","OCCL68Stills",720,480,"B10","PICT0051","PICT0051_OCCL68","04:26:30","11/05/2016","multiple-use","Y",2.31804069346834,-0.0969894395589655,0.185069444444444,1.16282561414122,0.0969894395589655
"Mt",6,842.082868,709.2666279,"OCCL70_0",1,"PICT0007_07.jpeg","F:\Stills\Catule\OCCL70Stills\","OCCL70","B120815259","OCCL70Stills",720,480,"B12","PICT0007","PICT0007_OCCL70","01:32:00","28/04/2016","multiple-use","Y",0.529669377927879,0.514346759372075,0.0638888888888889,0.401425727958696,0.514346759372075
"Lt",0,128,187.5555556,"OCGB01_0",1,"PICT0007_01.jpeg","F:\Stills\GB_OC\OCGB01Stills\","OCGB01","B121000631","OCGB01Stills",720,480,"B12","PICT0007","PICT0007_OCGB01","05:58","30/06/2017","multiple-use","Y",2.82357410921562,-0.247526838423807,0.248611111111111,1.56206968053493,0.247526838423807
"Mt",44,302.2222222,336,"OCGB03_0",1,"PICT0009_01.jpeg","F:\Stills\GB_OC\OCGB03Stills\","OCGB03","B121000676","OCGB03Stills",720,480,"B12","PICT0009","PICT0009_OCGB03","23:30","18/07/2017","multiple-use","Y",1.62417940178184,-0.0616446149568414,0.979166666666667,6.15228561328001,0.0616446149568414
"Mt",66,-237.1921968,572.7669281,"OCGB03_1",1,"PICT0010_01.jpeg","F:\Stills\GB_OC\OCGB03Stills\","OCGB03","B121000676","OCGB03Stills",720,480,"B12","PICT0010","PICT0010_OCGB03","20:58","19/07/2017","multiple-use","Y",0.685418757831476,-0.637159898298585,0.873611111111111,5.48906049752217,0.637159898298585
"Mt",88,557.273559,403.1825904,"OCGB03_2",1,"PICT0011_01.jpeg","F:\Stills\GB_OC\OCGB03Stills\","OCGB03","B121000676","OCGB03Stills",720,480,"B12","PICT0011","PICT0011_OCGB03","23:20","19/07/2017","multiple-use","Y",1.08813286018216,0.210476294671906,0.972222222222222,6.10865238198015,0.210476294671906
"Lt",0,708.8888889,306.6666667,"OCGB05_0",1,"PICT0007_01.jpeg","F:\Stills\GB_OC\OCGB05Stills\","OCGB05","B100815620","OCGB05Stills",720,480,"B10","PICT0007","PICT0007_OCGB05","07:30","01/07/2017","multiple-use","Y",1.70915039288918,0.374323647535207,0.3125,1.96349540849362,0.374323647535207
"Mt",12,-245.8363912,567.0323351,"OCGB08_0",1,"PICT0007_13.jpeg","F:\Stills\GB_OC\OCGB08Stills\","OCGB08","B101028491","OCGB08Stills",720,480,"B10","PICT0007","PICT0007_OCGB08","02:13","08/07/2017","multiple-use","Y",1.03138896153228,-0.650003181467184,0.0923611111111111,0.580321976288115,0.650003181467184
"Lt",0,469.7777778,277.3333333,"OCGB17_0",1,"PICT0011_01.jpeg","F:\Stills\GB_OC\OCGB17Stills\","OCGB17","B121000481","OCGB17Stills",720,480,"B12","PICT0011","PICT0011_OCGB17","17:51","13/07/2017","multiple-use","Y",5.22645639688326,0.11712476839666,0.74375,4.67311907221482,0.11712476839666
"Lt",22,465.0833914,272.6009227,"OCGB17_2",1,"PICT0021_01.jpeg","F:\Stills\GB_OC\OCGB17Stills\","OCGB17","B121000481","OCGB17Stills",720,480,"B12","PICT0021","PICT0021_OCGB17","21:53","08/08/2017","multiple-use","Y",5.75774195040904,0.112116205362472,0.911805555555556,5.72904326967139,0.112116205362472
"Lt",0,280.4444444,272.8888889,"OCGB18_0",1,"PICT0004_01.jpeg","F:\Stills\GB_OC\OCGB18Stills\","OCGB18","B120102X88","OCGB18Stills",720,480,"B12","PICT0004","PICT0004_OCGB18","23:49","28/06/2017","multiple-use","Y",3.78105859785639,-0.0848798929168852,0.992361111111111,6.23518875274974,0.0848798929168852
"Lt",21,509.3333333,318.2222222,"OCGB18_2",1,"PICT0012_01.jpeg","F:\Stills\GB_OC\OCGB18Stills\","OCGB18","B120102X88","OCGB18Stills",720,480,"B12","PICT0012","PICT0012_OCGB18","01:58","21/07/2017","multiple-use","Y",3.03281586614206,0.1593276200993,0.0819444444444444,0.514872129338327,0.1593276200993
"Lt",42,213.3333333,304,"OCGB18_3",1,"PICT0024_01.jpeg","F:\Stills\GB_OC\OCGB18Stills\","OCGB18","B120102X88","OCGB18Stills",720,480,"B12","PICT0024","PICT0024_OCGB18","00:06","12/08/2017","multiple-use","Y",2.76924384669891,-0.156482484096591,0.00416666666666667,0.0261799387799149,0.156482484096591
"Lt",113,557.3033226,261.0057405,"OCGB22_28",1,"EK000189_01.jpeg","F:\Stills\GB_OC\OCGB22Stills\","OCGB22","B140806204","OCGB22Stills",720,480,"B14","EK000189","EK000189_OCGB22","03:18","07/07/2017","multiple-use","Y",4.53097558727514,0.212609123317449,0.1375,0.863937979737193,0.212609123317449
"Lt",0,294.2222222,327.1111111,"OCGB28_0",1,"PICT0118_01.jpeg","F:\Stills\GB_OC\OCGB28Stills\","OCGB28","B100815356","OCGB28Stills",720,480,"B10","PICT0118","PICT0118_OCGB28","01:55","19/07/2017","multiple-use","Y",1.44617381087902,-0.0705731208307803,0.0798611111111111,0.50178215994837,0.0705731208307803
"Lt",20,648.2074239,610.2680539,"OCGB28_1",1,"PICT0231_01.jpeg","F:\Stills\GB_OC\OCGB28Stills\","OCGB28","B100815356","OCGB28Stills",720,480,"B10","PICT0231","PICT0231_OCGB28","11:48","11/08/2017","multiple-use","Y",0.549263455589536,0.309218371789121,0.491666666666667,3.08923277602996,0.309218371789121
"Lt",0,401.7777778,266.6666667,"OCGB43_0",1,"EK000008_01.jpeg","F:\Stills\GB_OC\OCGB43Stills\","OCGB43","B131200699","OCGB43Stills",720,480,"B13","EK000008","EK000008_OCGB43","23:33","26/06/2017","multiple-use","Y",2.17002466600327,0.04475558177234,0.98125,6.16537558266997,0.04475558177234
"Lt",22,92,220.4444444,"OCGB43_2",1,"EK000016_01.jpeg","F:\Stills\GB_OC\OCGB43Stills\","OCGB43","B131200699","OCGB43Stills",720,480,"B13","EK000016","EK000016_OCGB43","21:57","19/07/2017","multiple-use","Y",3.3580965493625,-0.287102295684744,0.914583333333333,5.74649656219133,0.287102295684744
"Lt",44,705.3333333,350.2222222,"OCGB43_4",1,"EK000021_01.jpeg","F:\Stills\GB_OC\OCGB43Stills\","OCGB43","B131200699","OCGB43Stills",720,480,"B13","EK000021","EK000021_OCGB43","03:51","25/07/2017","multiple-use","Y",1.33719746429527,0.369947734204831,0.160416666666667,1.00792764302673,0.369947734204831
"Lt",0,322.6666667,273.7777778,"OCGB48_0",1,"PICT0036_01.jpeg","F:\Stills\GB_OC\OCGB48Stills\","OCGB48","B121018018","OCGB48Stills",720,480,"B12","PICT0036","PICT0036_OCGB48","23:58","25/07/2017","multiple-use","Y",2.26401638264933,-0.0398319049981518,0.998611111111111,6.27445866091961,0.0398319049981518
"Lt",0,278.2222222,310.2222222,"OCGB49_0",1,"EK000009_01.jpeg","F:\Stills\GB_OC\OCGB49Stills\","OCGB49","B140926276","OCGB49Stills",720,480,"B14","EK000009","EK000009_OCGB49","06:18","04/07/2017","multiple-use","Y",5.44513418686851,-0.0881216870339069,0.2625,1.64933614313464,0.0881216870339069
"Lt",22,51.87641802,345.5103891,"OCGB49_2",1,"EK000067_01.jpeg","F:\Stills\GB_OC\OCGB49Stills\","OCGB49","B140926276","OCGB49Stills",720,480,"B14","EK000067","EK000067_OCGB49","22:01","16/08/2017","multiple-use","Y",4.27909586961681,-0.332026261772644,0.917361111111111,5.76394985471127,0.332026261772644
"Lt",44,219.1953009,326.5174348,"OCGB49_3",1,"EK000068_01.jpeg","F:\Stills\GB_OC\OCGB49Stills\","OCGB49","B140926276","OCGB49Stills",720,480,"B14","EK000068","EK000068_OCGB49","22:41","16/08/2017","multiple-use","Y",4.46255680842757,-0.15172762039755,0.945138888888889,5.93848277991071,0.15172762039755
"Lt",0,246.6666667,321.7777778,"OCGB51_0",1,"PICT0068_01.jpeg","F:\Stills\GB_OC\OCGB51Stills\","OCGB51","B110307278","OCGB51Stills",720,480,"B11","PICT0068","PICT0068_OCGB51","05:35","26/07/2017","multiple-use","Y",1.58202606983933,-0.12105812182618,0.232638888888889,1.46171324854525,0.12105812182618
"Lt",0,861.6222562,500.9295383,"OCGB59_0",1,"EK000046_01.jpeg","F:\Stills\GB_OC\OCGB59Stills\","OCGB59","B140711140","OCGB59Stills",720,480,"B14","EK000046","EK000046_OCGB59","06:20","07/08/2017","multiple-use","Y",0.781019216064726,0.54053559119943,0.263888888888889,1.65806278939461,0.54053559119943
"Da",0,440.8888889,343.1111111,"OCGSV01_0",1,"a(13)_01.jpeg","F:\Stills\PNGSV\OCGSV01Stills\","OCGSV01","B121000481","OCGSV01Stills",720,480,"B12","a(13)","a(13)_OCGSV01","18:05","26/05/2017","strict","Y",2.1075709631083,0.0863024609182394,0.753472222222222,4.73420559603462,0.0863024609182394
"Da",110,468,336,"OCGSV01_10",1,"PICT0071_01.jpeg","F:\Stills\PNGSV\OCGSV01Stills\","OCGSV01","B121000481","OCGSV01Stills",720,480,"B12","PICT0071","PICT0071_OCGSV01","17:48","29/04/2017","strict","Y",2.19345579506331,0.115228010990393,0.741666666666667,4.66002910282486,0.115228010990393
"Da",22,340.8888889,352.8888889,"OCGSV01_2",1,"a(21)_01.jpeg","F:\Stills\PNGSV\OCGSV01Stills\","OCGSV01","B121000481","OCGSV01Stills",720,480,"B12","a(21)","a(21)_OCGSV01","17:55","29/05/2017","strict","Y",2.06879611386828,-0.0203901418506428,0.746527777777778,4.69057236473476,0.0203901418506428
"Da",44,465.3333333,322.6666667,"OCGSV01_4",1,"PICT0055_01.jpeg","F:\Stills\PNGSV\OCGSV01Stills\","OCGSV01","B121000481","OCGSV01Stills",720,480,"B12","PICT0055","PICT0055_OCGSV01","17:58","22/04/2017","strict","Y",2.45782587864605,0.112382874880992,0.748611111111111,4.70366233412472,0.112382874880992
"Da",66,466.2222222,317.3333333,"OCGSV01_6",1,"PICT0061_01.jpeg","F:\Stills\PNGSV\OCGSV01Stills\","OCGSV01","B121000481","OCGSV01Stills",720,480,"B12","PICT0061","PICT0061_OCGSV01","17:48","24/04/2017","strict","Y",2.57886394373916,0.113331253584125,0.741666666666667,4.66002910282486,0.113331253584125
"Da",0,224.8888889,252.4444444,"OCGSV06_0",1,"a(3)_01.jpeg","F:\Stills\PNGSV\OCGSV06Stills\","OCGSV06","B130904567","OCGSV06Stills",720,480,"B13","a(3)","a(3)_OCGSV06","19:38","31/05/2017","strict","Y",2.11563759576428,-0.144741455855696,0.818055555555556,5.1399946471233,0.144741455855696
"Mt",22,305.3333333,284.4444444,"OCGSV06_2",1,"EK000006_01.jpeg","F:\Stills\PNGSV\OCGSV06Stills\","OCGSV06","B130904567","OCGSV06Stills",720,480,"B13","EK000006","EK000006_OCGSV06","08:05","11/04/2017","strict","Y",1.6853823402641,-0.0585631548768759,0.336805555555556,2.11621171804312,0.0585631548768759
"Mt",0,-273.257918,499.6416418,"OCGSV07_0",1,"a(03)_01.jpeg","F:\Stills\PNGSV\OCGSV07Stills\","OCGSV07","B120101919","OCGSV07Stills",720,480,"B12","a(3)","a(3)_OCGSV07","20:16","23/05/2017","strict","Y",1.04366234792022,-0.675639354954234,0.844444444444444,5.30580092606276,0.675639354954234
"Da",44,375.3515486,432.7216175,"OCGSV07_2",1,"a(05)_01.jpeg","F:\Stills\PNGSV\OCGSV07Stills\","OCGSV07","B120101919","OCGSV07Stills",720,480,"B12","a(5)","a(5)_OCGSV07","16:12","24/05/2017","strict","Y",1.10324065711103,0.0163789667666699,0.675,4.24115008234622,0.0163789667666699
"Da",66,-5.577820633,341.7790203,"OCGSV07_3",1,"a(16)_01.jpeg","F:\Stills\PNGSV\OCGSV07Stills\","OCGSV07","B120101919","OCGSV07Stills",720,480,"B12","a(16)","a(16)_OCGSV07","17:48","14/06/2017","strict","Y",2.22430870395318,-0.390044491979103,0.741666666666667,4.66002910282486,0.390044491979103
"Da",88,649.5853198,314.7700292,"OCGSV07_4",1,"PICT0007_01.jpeg","F:\Stills\PNGSV\OCGSV07Stills\","OCGSV07","B120101919","OCGSV07Stills",720,480,"B12","PICT0007","PICT0007_OCGSV07","18:40","13/04/2017","strict","Y",1.82101711914427,0.308966114931211,0.777777777777778,4.88692190558412,0.308966114931211
"Da",110,421.7061949,354.6810624,"OCGSV07_5",1,"PICT0009_01.jpeg","F:\Stills\PNGSV\OCGSV07Stills\","OCGSV07","B120101919","OCGSV07Stills",720,480,"B12","PICT0009","PICT0009_OCGSV07","17:19","19/04/2017","strict","Y",1.59065325164726,0.0658359454084492,0.721527777777778,4.53349273205527,0.0658359454084492
"Da",0,497.3333333,410.6666667,"OCGSV08_0",1,"a(014)_01.jpeg","F:\Stills\PNGSV\OCGSV08Stills\","OCGSV08","B140806198","OCGSV08Stills",720,480,"B14","a(14)","a(14)_OCGSV08","05:39","20/05/2017","strict","Y",1.21334288114657,0.147986963475374,0.235416666666667,1.47916654106519,0.147986963475374
"Da",88,51.15607326,272.6501996,"OCGSV08_10",1,"a(201)_01.jpeg","F:\Stills\PNGSV\OCGSV08Stills\","OCGSV08","B140806198","OCGSV08Stills",720,480,"B14","a(201)","a(201)_OCGSV08","16:12","06/06/2017","strict","Y",4.29697942747887,-0.33280248726085,0.675,4.24115008234622,0.33280248726085
"Da",134,762.5026289,511.0903978,"OCGSV08_13",1,"a(203)_03.jpeg","F:\Stills\PNGSV\OCGSV08Stills\","OCGSV08","B140806198","OCGSV08Stills",720,480,"B14","a(203)","a(203)_OCGSV08","16:17","06/06/2017","strict","Y",0.784339275064563,0.433726761089008,0.678472222222222,4.26296669799615,0.433726761089008
"Mt",176,392.9203447,317.688902,"OCGSV08_16",1,"EK000022_01.jpeg","F:\Stills\PNGSV\OCGSV08Stills\","OCGSV08","B140806198","OCGSV08Stills",720,480,"B14","EK000022","EK000022_OCGSV08","03:58","18/04/2017","strict","Y",2.7908120568143,0.0354741396837239,0.165277777777778,1.03847090493663,0.0354741396837239
"Da",22,290.2857981,354.311745,"OCGSV08_2",1,"a(062)_01.jpeg","F:\Stills\PNGSV\OCGSV08Stills\","OCGSV08","B140806198","OCGSV08Stills",720,480,"B14","a(62)","a(62)_OCGSV08","17:24","27/05/2017","strict","Y",1.69143621953988,-0.0751222795106374,0.725,4.5553093477052,0.0751222795106374
"Da",49,830.3296172,453.9944763,"OCGSV08_4",1,"a(063)_06.jpeg","F:\Stills\PNGSV\OCGSV08Stills\","OCGSV08","B140806198","OCGSV08Stills",720,480,"B14","a(63)","a(63)_OCGSV08","17:25","27/05/2017","strict","Y",1.05983064435408,0.506815426447986,0.725694444444445,4.55967267083519,0.506815426447986
"Da",79,-83.96003405,521.6877307,"OCGSV08_6",1,"a(064)_14.jpeg","F:\Stills\PNGSV\OCGSV08Stills\","OCGSV08","B140806198","OCGSV08Stills",720,480,"B14","a(64)","a(64)_OCGSV08","17:26","27/05/2017","strict","Y",0.616135263019877,-0.478400223490993,0.726388888888889,4.56403599396517,0.478400223490993
"Da",88,306.816943,325.6369084,"OCGSV08_8",1,"a(201)_01.jpeg","F:\Stills\PNGSV\OCGSV08Stills\","OCGSV08","B140806198","OCGSV08Stills",720,480,"B14","a(201)","a(201)_OCGSV08","16:12","06/06/2017","strict","Y",2.32128235923556,-0.0573087314248399,0.675,4.24115008234622,0.0573087314248399
"Mt",0,467.1111111,241.7777778,"OCGSV09_0",1,"a(27)_01.jpeg","F:\Stills\PNGSV\OCGSV09Stills\","OCGSV09","B131200419","OCGSV09Stills",720,480,"B13","a(27)","a(27)_OCGSV09","02:13","03/06/2017","strict","Y",2.84636484393832,0.114745693619976,0.0923611111111111,0.580321976288115,0.114745693619976
"Mt",132,416.3484407,243.8584799,"OCGSV09_4",1,"EK000078_01.jpeg","F:\Stills\PNGSV\OCGSV09Stills\","OCGSV09","B131200419","OCGSV09Stills",720,480,"B13","EK000078","EK000078_OCGSV09","21:29","20/04/2017","strict","Y",2.80241567810462,0.0603648010568121,0.895138888888889,5.62432351455173,0.0603648010568121
"Mt",154,642.5764009,259.6085285,"OCGSV09_6",1,"EK000152_01.jpeg","F:\Stills\PNGSV\OCGSV09Stills\","OCGSV09","B131200419","OCGSV09Stills",720,480,"B13","EK000152","EK000152_OCGSV09","03:09","10/05/2017","strict","Y",2.51480005595274,0.30271766195792,0.13125,0.824668071567321,0.30271766195792
"Da",0,277.3333333,276.4444444,"OCGSV10_0",1,"a(35)_01.jpeg","F:\Stills\PNGSV\OCGSV10Stills\","OCGSV10","B140711140","OCGSV10Stills",720,480,"B14","a(35)","a(35)_OCGSV10","17:10","27/05/2017","strict","Y",2.04689505462601,-0.0890795314699012,0.715277777777778,4.4942228238854,0.0890795314699012
"Da",22,705.3333333,411.5555556,"OCGSV10_3",1,"a(86)_01.jpeg","F:\Stills\PNGSV\OCGSV10Stills\","OCGSV10","B140711140","OCGSV10Stills",720,480,"B14","a(86)","a(86)_OCGSV10","17:05","06/06/2017","strict","Y",1.05807557976755,0.372122558696361,0.711805555555555,4.47240620823547,0.372122558696361
"Da",22,398.6666667,233.7777778,"OCGSV10_4",1,"a(86)_01.jpeg","F:\Stills\PNGSV\OCGSV10Stills\","OCGSV10","B140711140","OCGSV10Stills",720,480,"B14","a(86)","a(86)_OCGSV10","17:05","06/06/2017","strict","Y",4.0271915239116,0.0416662324808463,0.711805555555555,4.47240620823547,0.0416662324808463
"Mt",87,672.2332839,557.6988688,"OCGSV10_9",1,"a(96)_01.jpeg","F:\Stills\PNGSV\OCGSV10Stills\","OCGSV10","B140711140","OCGSV10Stills",720,480,"B14","a(96)","a(96)_OCGSV10","21:05","08/06/2017","strict","Y",0.615488890675167,0.336454773724663,0.878472222222222,5.51960375943207,0.336454773724663
"Da",0,-29.68423861,282.0689984,"OCGSV11_0",1,"a(015)_01.jpeg","F:\Stills\PNGSV\OCGSV11Stills\","OCGSV11","B1209X38X","OCGSV11Stills",720,480,"B12","a(15)","a(15)_OCGSV11","18:36","18/05/2017","strict","Y",1.81726267860581,-0.41576425675311,0.775,4.86946861306418,0.41576425675311
"Mt",22,830.7878717,349.7043608,"OCGSV11_1",1,"a(175)_01.jpeg","F:\Stills\PNGSV\OCGSV11Stills\","OCGSV11","B1209X38X","OCGSV11Stills",720,480,"B12","a(175)","a(175)_OCGSV11","19:02","05/06/2017","strict","Y",1.0988929902529,0.502295833836956,0.793055555555556,4.98291501444381,0.502295833836956
"Da",132,544.7866172,428.1947954,"OCGSV11_11",1,"EK000018_01.jpeg","F:\Stills\PNGSV\OCGSV11Stills\","OCGSV11","B1209X38X","OCGSV11Stills",720,480,"B12","EK000018","EK000018_OCGSV11","18:11","08/05/2017","strict","Y",0.795618171483285,0.197153651459251,0.757638888888889,4.76038553481453,0.197153651459251
"Da",173,738.7876917,334.9456602,"OCGSV11_12",1,"EK000019_20.jpeg","F:\Stills\PNGSV\OCGSV11Stills\","OCGSV11","B1209X38X","OCGSV11Stills",720,480,"B12","EK000019","EK000019_OCGSV11","18:28","08/05/2017","strict","Y",1.19506802783259,0.404138447242899,0.769444444444444,4.83456202802429,0.404138447242899
"Lt",66,518.1621703,262.5298764,"OCGSV11_5",1,"a(182)_01.jpeg","F:\Stills\PNGSV\OCGSV11Stills\","OCGSV11","B1209X38X","OCGSV11Stills",720,480,"B12","a(182)","a(182)_OCGSV11","18:42","09/06/2017","strict","Y",2.04032130080244,0.168747336088822,0.779166666666667,4.89564855184409,0.168747336088822
"Da",88,144.9943478,306.0062734,"OCGSV11_7",1,"a(184)_01.jpeg","F:\Stills\PNGSV\OCGSV11Stills\","OCGSV11","B1209X38X","OCGSV11Stills",720,480,"B12","a(184)","a(184)_OCGSV11","16:38","14/06/2017","strict","Y",1.49152073446953,-0.22939512643239,0.693055555555556,4.35459648372585,0.22939512643239
"Da",110,301.4814024,249.199329,"OCGSV11_9",1,"EK000017_01.jpeg","F:\Stills\PNGSV\OCGSV11Stills\","OCGSV11","B1209X38X","OCGSV11Stills",720,480,"B12","EK000017","EK000017_OCGSV11","20:21","07/05/2017","strict","Y",2.40020490993693,-0.0624350148832887,0.847916666666667,5.32761754171269,0.0624350148832887
"Da",0,316.4444444,275.5555556,"OCGSV15_0",1,"EK000029_01.jpeg","F:\Stills\PNGSV\OCGSV15Stills\","OCGSV15","B1404115863","OCGSV15Stills",720,480,"B14","EK000029","EK000029_OCGSV15","17:49","13/04/2017","strict","Y",3.62740545576151,-0.0469343768249365,0.742361111111111,4.66439242595485,0.0469343768249365
"Da",109,468.8888889,342.2222222,"OCGSV15_11",1,"EK000075_01.jpeg","F:\Stills\PNGSV\OCGSV15Stills\","OCGSV15","B1404115863","OCGSV15Stills",720,480,"B14","EK000075","EK000075_OCGSV15","18:18","22/04/2017","strict","Y",2.16670984293082,0.117335941954584,0.7625,4.79092879672443,0.117335941954584
"Da",109,704.4444444,293.3333333,"OCGSV15_12",1,"EK000075_01.jpeg","F:\Stills\PNGSV\OCGSV15Stills\","OCGSV15","B1404115863","OCGSV15Stills",720,480,"B14","EK000075","EK000075_OCGSV15","18:18","22/04/2017","strict","Y",2.71417180820568,0.371164714260366,0.7625,4.79092879672443,0.371164714260366
"Da",131,356,280,"OCGSV15_14",1,"EK000076_01.jpeg","F:\Stills\PNGSV\OCGSV15Stills\","OCGSV15","B1404115863","OCGSV15Stills",720,480,"B14","EK000076","EK000076_OCGSV15","18:51","22/04/2017","strict","Y",3.42789169964121,-0.00431029990809589,0.785416666666667,4.93491846001397,0.00431029990809589
"Da",153,427.9939347,469.5067198,"OCGSV15_16",1,"EK000077_01.jpeg","F:\Stills\PNGSV\OCGSV15Stills\","OCGSV15","B1404115863","OCGSV15Stills",720,480,"B14","EK000077","EK000077_OCGSV15","06:42","23/04/2017","strict","Y",1.29018237826422,0.0732685626221223,0.279166666666667,1.7540558982543,0.0732685626221223
"Da",174,106.8237376,236.7746929,"OCGSV15_18",1,"EK000078_01.jpeg","F:\Stills\PNGSV\OCGSV15Stills\","OCGSV15","B1404115863","OCGSV15Stills",720,480,"B14","EK000078","EK000078_OCGSV15","06:48","23/04/2017","strict","Y",6.55621649233982,-0.272816405138696,0.283333333333333,1.78023583703422,0.272816405138696
"Da",195,430.7867084,377.3448332,"OCGSV15_19",1,"EK000079_01.jpeg","F:\Stills\PNGSV\OCGSV15Stills\","OCGSV15","B1404115863","OCGSV15Stills",720,480,"B14","EK000079","EK000079_OCGSV15","07:18","23/04/2017","strict","Y",1.83581968261109,0.076277985677733,0.304166666666667,1.91113553093379,0.076277985677733
"Da",0,249.3333333,259.5555556,"OCGSV15_2",1,"EK000029_01.jpeg","F:\Stills\PNGSV\OCGSV15Stills\","OCGSV15","B1404115863","OCGSV15Stills",720,480,"B14","EK000029","EK000029_OCGSV15","17:49","13/04/2017","strict","Y",4.39987884672434,-0.119251630826573,0.742361111111111,4.66439242595485,0.119251630826573
"Da",216,534.119739,275.8736734,"OCGSV15_20",1,"EK000080_01.jpeg","F:\Stills\PNGSV\OCGSV15Stills\","OCGSV15","B1404115863","OCGSV15Stills",720,480,"B14","EK000080","EK000080_OCGSV15","07:30","23/04/2017","strict","Y",3.29439023075063,0.187627073752346,0.3125,1.96349540849362,0.187627073752346
"Da",237,535.0506671,264.7025361,"OCGSV15_22",1,"EK000083_01.jpeg","F:\Stills\PNGSV\OCGSV15Stills\","OCGSV15","B1404115863","OCGSV15Stills",720,480,"B14","EK000083","EK000083_OCGSV15","07:13","24/04/2017","strict","Y",3.62717643406388,0.188630218578314,0.300694444444444,1.88931891528386,0.188630218578314
"Da",259,319.0753461,408.0654647,"OCGSV15_24",1,"EK000084_01.jpeg","F:\Stills\PNGSV\OCGSV15Stills\","OCGSV15","B1404115863","OCGSV15Stills",720,480,"B14","EK000084","EK000084_OCGSV15","07:17","24/04/2017","strict","Y",1.64547224703521,-0.0440993829860067,0.303472222222222,1.9067722078038,0.0440993829860067
"Da",281,340.4866926,410.858249,"OCGSV15_26",1,"EK000174_01.jpeg","F:\Stills\PNGSV\OCGSV15Stills\","OCGSV15","B1404115863","OCGSV15Stills",720,480,"B14","EK000174","EK000174_OCGSV15","07:58","03/05/2017","strict","Y",1.61974156886694,-0.0210270517732168,0.331944444444444,2.08566845613322,0.0210270517732168
"Da",303,579.7352162,296.3540918,"OCGSV15_28",1,"EK000179_01.jpeg","F:\Stills\PNGSV\OCGSV15Stills\","OCGSV15","B1404115863","OCGSV15Stills",720,480,"B14","EK000179","EK000179_OCGSV15","17:49","03/05/2017","strict","Y",2.7740069812151,0.236781170548073,0.742361111111111,4.66439242595485,0.236781170548073
"Mt",347,580.6661443,294.4922356,"OCGSV15_32",1,"EK000264_01.jpeg","F:\Stills\PNGSV\OCGSV15Stills\","OCGSV15","B1404115863","OCGSV15Stills",720,480,"B14","EK000264","EK000264_OCGSV15","10:01","08/05/2017","strict","Y",2.80942904588523,0.237784315374042,0.417361111111111,2.62235720112148,0.237784315374042
"Da",369,678.4135956,306.594301,"OCGSV15_33",1,"EK000279_01.jpeg","F:\Stills\PNGSV\OCGSV15Stills\","OCGSV15","B1404115863","OCGSV15Stills",720,480,"B14","EK000279","EK000279_OCGSV15","15:28","09/05/2017","strict","Y",2.5100628199457,0.343114522962792,0.644444444444444,4.04916386462684,0.343114522962792
"Da",435,410.3063007,397.8252555,"OCGSV15_39",1,"EK000311_01.jpeg","F:\Stills\PNGSV\OCGSV15Stills\","OCGSV15","B1404115863","OCGSV15Stills",720,480,"B14","EK000311","EK000311_OCGSV15","09:21","19/05/2017","strict","Y",1.68509325475743,0.0542088108209638,0.389583333333333,2.44782427592205,0.0542088108209638
"Da",21,368.4444444,344,"OCGSV15_4",1,"EK000071_01.jpeg","F:\Stills\PNGSV\OCGSV15Stills\","OCGSV15","B1404115863","OCGSV15Stills",720,480,"B14","EK000071","EK000071_OCGSV15","17:39","22/04/2017","strict","Y",2.2051294760574,0.00909952198031025,0.735416666666667,4.62075919465499,0.00909952198031025
"Da",43,439.5555556,371.5555556,"OCGSV15_6",1,"EK000072_01.jpeg","F:\Stills\PNGSV\OCGSV15Stills\","OCGSV15","B1404115863","OCGSV15Stills",720,480,"B14","EK000072","EK000072_OCGSV15","17:56","22/04/2017","strict","Y",1.88212762204085,0.0857270759977997,0.747222222222222,4.69493568786475,0.0857270759977997
"Da",65,354.2222222,337.7777778,"OCGSV15_8",1,"EK000073_01.jpeg","F:\Stills\PNGSV\OCGSV15Stills\","OCGSV15","B1404115863","OCGSV15Stills",720,480,"B14","EK000073","EK000073_OCGSV15","18:16","22/04/2017","strict","Y",2.2928268405367,-0.00622598878008469,0.761111111111111,4.78220215046446,0.00622598878008469
"Mt",0,528,356.4444444,"OCGSV17_0",1,"PICT0012_01.jpeg","F:\Stills\PNGSV\OCGSV17Stills\","OCGSV17","B1201100128","OCGSV17Stills",720,480,"B12","PICT0012","PICT0012_OCGSV17","04:09","05/05/2017","strict","Y",1.23362428312075,0.179243572651722,0.172916666666667,1.08646745936647,0.179243572651722
"Mt",66,582.8402151,234.9974354,"OCGSV21_11",1,"EK000031_01.jpeg","F:\Stills\PNGSV\OCGSV21Stills\","OCGSV21","B130905345","OCGSV21Stills",720,480,"B13","EK000031","EK000031_OCGSV21","00:54","17/04/2017","strict","Y",2.31925812007734,0.23872364673915,0.0375,0.235619449019234,0.23872364673915
"Mt",20,62.5202427,289.4214579,"OCGSV21_6",1,"EK000029_01.jpeg","F:\Stills\PNGSV\OCGSV21Stills\","OCGSV21","B130905345","OCGSV21Stills",720,480,"B13","EK000029","EK000029_OCGSV21","20:15","16/04/2017","strict","Y",1.59122978740464,-0.318683288211084,0.84375,5.30143760293278,0.318683288211084
"Mt",28,197.9938811,294.1888851,"OCGSV23_22",1,"b(133)_01.jpeg","F:\Stills\PNGSV\OCGSV23Stills\","OCGSV23","B121000673","OCGSV23Stills",720,480,"B12","b(133)","b(133)_OCGSV23","02:09","11/06/2017","strict","Y",3.13767568251551,-0.17284854489926,0.0895833333333333,0.562868683768171,0.17284854489926
"Mt",50,717.9401968,333.5609258,"OCGSV23_24",1,"b(138)_01.jpeg","F:\Stills\PNGSV\OCGSV23Stills\","OCGSV23","B121000673","OCGSV23Stills",720,480,"B12","b(138)","b(138)_OCGSV23","01:09","15/06/2017","strict","Y",1.74515206738567,0.381895712321979,0.0479166666666667,0.301069295969022,0.381895712321979
"Mt",0,511.5555556,352,"OCGSV24_0",1,"PICT0017_01.jpeg","F:\Stills\PNGSV\OCGSV24Stills\","OCGSV24","B120102688","OCGSV24Stills",720,480,"B12","PICT0017","PICT0017_OCGSV24","19:43","17/04/2017","strict","Y",1.4334656862723,0.16169856691048,0.821527777777778,5.16181126277323,0.16169856691048
"Mt",23,808.6663399,584.8105763,"OCGSV24_2",1,"PICT0018_02.jpeg","F:\Stills\PNGSV\OCGSV24Stills\","OCGSV24","B120102688","OCGSV24Stills",720,480,"B12","PICT0018","PICT0018_OCGSV24","19:44","17/04/2017","strict","Y",0.488837184501198,0.47869379578719,0.822222222222222,5.16617458590322,0.47869379578719
"Mt",0,875.1764063,418.8226091,"OCGSV25_0",1,"a(23)_01.jpeg","F:\Stills\PNGSV\OCGSV25Stills\","OCGSV25","B120100832","OCGSV25Stills",720,480,"B12","a(23)","a(23)_OCGSV25","01:25","10/06/2017","strict","Y",4.4570301678806,0.549655116732662,0.0590277777777778,0.370882466048795,0.549655116732662
"Mt",22,-172.053672,411.9007266,"OCGSV25_1",1,"PICT0009_01.jpeg","F:\Stills\PNGSV\OCGSV25Stills\","OCGSV25","B120100832","OCGSV25Stills",720,480,"B12","PICT0009","PICT0009_OCGSV25","03:55","09/05/2017","strict","Y",1.38531729139052,-0.567661910784211,0.163194444444444,1.02538093554667,0.567661910784211
"Mt",0,668.4444444,280,"OCGSV28_0",1,"PICT0025_01.jpeg","F:\Stills\PNGSV\OCGSV28Stills\","OCGSV28","B100817020","OCGSV28Stills",720,480,"B10","PICT0025","PICT0025_OCGSV28","21:26","26/04/2017","strict","Y",1.30042295478008,0.330930715087552,0.893055555555556,5.61123354516177,0.330930715087552
"Mt",22,37.59608312,308.6925733,"OCGSV29_0",1,"a(12)_01.jpeg","F:\Stills\PNGSV\OCGSV29Stills\","OCGSV29","B121000478","OCGSV29Stills",720,480,"B12","a(12)","a(12)_OCGSV29","20:24","01/06/2017","strict","Y",1.33705963967273,-0.343981130348095,0.85,5.34070751110265,0.343981130348095
"Mt",108,-618.6373902,828.4472075,"OCGSV29_2",1,"PICT0033_01.jpeg","F:\Stills\PNGSV\OCGSV29Stills\","OCGSV29","B121000478","OCGSV29Stills",720,480,"B12","PICT0033","PICT0033_OCGSV29","23:10","13/05/2017","strict","Y",0.242486292978803,-1.04413370327384,0.965277777777778,6.0650191506803,1.04413370327384
"Mt",119,-31.88611187,424.3228148,"OCGSV29_3",1,"PICT0033_12.jpeg","F:\Stills\PNGSV\OCGSV29Stills\","OCGSV29","B121000478","OCGSV29Stills",720,480,"B12","PICT0033","PICT0033_OCGSV29","23:10","13/05/2017","strict","Y",0.680453524397383,-0.418113492643876,0.965277777777778,6.0650191506803,0.418113492643876
"Mt",0,235.5555556,377.7777778,"OCGSV30_0",1,"a(155)_01.jpeg","F:\Stills\PNGSV\OCGSV30Stills\","OCGSV30","B100815356","OCGSV30Stills",720,480,"B10","a(155)","a(155)_OCGSV30","00:47","10/06/2017","strict","Y",0.750238886172584,-0.133516714992468,0.0326388888888889,0.205076187109334,0.133516714992468
"Mt",21,389.7777778,227.5555556,"OCGSV30_1",1,"a(174)_01.jpeg","F:\Stills\PNGSV\OCGSV30Stills\","OCGSV30","B100815356","OCGSV30Stills",720,480,"B10","a(174)","a(174)_OCGSV30","01:51","15/06/2017","strict","Y",2.76902187686288,0.0319486425513075,0.0770833333333333,0.484328867428426,0.0319486425513075
"Mt",63,319.5555556,259.5555556,"OCGSV30_3",1,"PICT0163_01.jpeg","F:\Stills\PNGSV\OCGSV30Stills\","OCGSV30","B100815356","OCGSV30Stills",720,480,"B10","PICT0163","PICT0163_OCGSV30","23:36","01/05/2017","strict","Y",1.75706878318155,-0.0433929323403652,0.983333333333333,6.17846555205993,0.0433929323403652
"Mt",83,637.9133223,285.402066,"OCGSV30_4",1,"PICT0229_01.jpeg","F:\Stills\PNGSV\OCGSV30Stills\","OCGSV30","B100815356","OCGSV30Stills",720,480,"B10","PICT0229","PICT0229_OCGSV30","21:52","11/05/2017","strict","Y",1.3751017766814,0.29817380779868,0.911111111111111,5.7246799465414,0.29817380779868
"Lt",0,505.7777778,303.1111111,"OCGSV32_0",1,"EK000016_01.jpeg","F:\Stills\PNGSV\OCGSV32Stills\","OCGSV32","B13200699","OCGSV32Stills",720,480,"B13","EK000016","EK000016_OCGSV32","03:17","20/04/2017","strict","Y",2.39700993228606,0.156168412933584,0.136805555555556,0.859574656607207,0.156168412933584
"Mt",0,479.7486665,381.1894042,"OCGSV34_0",1,"PICT0018_01.jpeg","F:\Stills\PNGSV\OCGSV34Stills\","OCGSV34","B121000453","OCGSV34Stills",720,480,"B12","PICT0018","PICT0018_OCGSV34","09:34","19/04/2017","strict","Y",1.29995796064396,0.127762969069878,0.398611111111111,2.50454747661186,0.127762969069878
"Mt",0,777.9626239,307.0372474,"OCGSV36_0",1,"EK000040_01.jpeg","F:\Stills\PNGSV\OCGSV36Stills\","OCGSV36","B131200437","OCGSV36Stills",720,480,"B13","EK000040","EK000040_OCGSV36","04:38","22/04/2017","strict","Y",2.50449117065312,0.44775383892578,0.193055555555556,1.21300383013606,0.44775383892578
"Mt",22,808.9048574,599.2470204,"OCGSV36_1",1,"EK000041_01.jpeg","F:\Stills\PNGSV\OCGSV36Stills\","OCGSV36","B131200437","OCGSV36Stills",720,480,"B13","EK000041","EK000041_OCGSV36","04:39","22/04/2017","strict","Y",1.05666567975325,0.480901548893927,0.19375,1.21736715326604,0.480901548893927
"Mt",22,1.609840729,422.7605596,"OCGSV39_0",1,"PICT0012_01.jpeg","F:\Stills\PNGSV\OCGSV39Stills\","OCGSV39","B1210X19X6","OCGSV39Stills",720,480,"B12","PICT0012","PICT0012_OCGSV39","00:46","07/05/2017","strict","Y",1.29732413070163,-0.382375788993772,0.0319444444444444,0.200712863979348,0.382375788993772
"Mt",43,452.1114951,315.1587256,"OCGSV39_2",1,"PICT0013_01.jpeg","F:\Stills\PNGSV\OCGSV39Stills\","OCGSV39","B1210X19X6","OCGSV39Stills",720,480,"B12","PICT0013","PICT0013_OCGSV39","00:48","07/05/2017","strict","Y",1.89769409299807,0.0982761515715214,0.0333333333333333,0.20943951023932,0.0982761515715214
"Mt",0,-5.24413508,366.1627855,"OCGSV40_0",1,"PICT0158_01.jpeg","F:\Stills\PNGSV\OCGSV40Stills\","OCGSV40","B100826313","OCGSV40Stills",720,480,"B10","PICT0158","PICT0158_OCGSV40","01:05","30/04/2017","strict","Y",1.49030043111583,-0.391871226725064,0.0451388888888889,0.283616003449079,0.391871226725064
"Mt",0,501.3333333,233.7777778,"OCGSV41_0",1,"a(21)_01.jpeg","F:\Stills\PNGSV\OCGSV41Stills\","OCGSV41","B101028533","OCGSV41Stills",720,480,"B10","a(21)","a(21)_OCGSV41","19:55","21/05/2017","strict","Y",3.02330955759379,0.151636840616982,0.829861111111111,5.21417114033306,0.151636840616982
"Mt",225,7.219042919,391.7408865,"OCGSV41_11",1,"PICT0079_01.jpeg","F:\Stills\PNGSV\OCGSV41Stills\","OCGSV41","B101028533","OCGSV41Stills",720,480,"B10","PICT0079","PICT0079_OCGSV41","20:02","06/05/2017","strict","Y",1.24027705587056,-0.378499455949631,0.834722222222222,5.24471440224296,0.378499455949631
"Mt",51,-218.5933306,655.3994709,"OCGSV41_2",1,"a(37)_12.jpeg","F:\Stills\PNGSV\OCGSV41Stills\","OCGSV41","B101028533","OCGSV41Stills",720,480,"B10","a(37)","a(37)_OCGSV41","23:09","05/06/2017","strict","Y",0.599864699679699,-0.620774042511321,0.964583333333333,6.06065582755031,0.620774042511321
"Mt",61,95.41465319,370.5179224,"OCGSV41_3",1,"a(39)_01.jpeg","F:\Stills\PNGSV\OCGSV41Stills\","OCGSV41","B101028533","OCGSV41Stills",720,480,"B10","a(39)","a(39)_OCGSV41","20:12","06/06/2017","strict","Y",1.34259138463664,-0.283874193914712,0.841666666666667,5.28834763354282,0.283874193914712
"Mt",90,-82.15334151,373.317044,"OCGSV41_5",1,"PICT0020_10.jpeg","F:\Stills\PNGSV\OCGSV41Stills\","OCGSV41","B101028533","OCGSV41Stills",720,480,"B10","PICT0020","PICT0020_OCGSV41","22:48","11/04/2017","strict","Y",1.36176087510878,-0.474387281537481,0.95,5.96902604182061,0.474387281537481
"Mt",122,418.2925527,209.7914573,"OCGSV41_6",1,"PICT0022_01.jpeg","F:\Stills\PNGSV\OCGSV41Stills\","OCGSV41","B101028533","OCGSV41Stills",720,480,"B10","PICT0022","PICT0022_OCGSV41","22:49","11/04/2017","strict","Y",4.15194657499557,0.0625422065448937,0.950694444444444,5.97338936495059,0.0625422065448937
"Mt",142,773.5921905,332.8621004,"OCGSV41_8",1,"PICT0024_01.jpeg","F:\Stills\PNGSV\OCGSV41Stills\","OCGSV41","B101028533","OCGSV41Stills",720,480,"B10","PICT0024","PICT0024_OCGSV41","23:38","12/04/2017","strict","Y",1.44039963297214,0.443743960514634,0.984722222222222,6.1871921983199,0.443743960514634
"Mt",164,425.7838091,239.756483,"OCGSV41_9",1,"PICT0068_02.jpeg","F:\Stills\PNGSV\OCGSV41Stills\","OCGSV41","B101028533","OCGSV41Stills",720,480,"B10","PICT0068","PICT0068_OCGSV41","02:12","03/05/2017","strict","Y",2.92062543792635,0.0705795918256649,0.0916666666666667,0.575958653158129,0.0705795918256649
"Mt",66,157.8954115,866.9262958,"OCGSV43_30",1,"a(8)_01.jpeg","F:\Stills\PNGSV\OCGSV43Stills\","OCGSV43","B121000651","OCGSV43Stills",720,480,"B12","a(8)","a(8)_OCGSV43","02:56","26/05/2017","strict","Y",0.429918847260701,-0.215630645785989,0.122222222222222,0.767944870877505,0.215630645785989
"Da",0,588.6077904,462.5326102,"OCGSV44_0",1,"EK000003_01.jpeg","F:\Stills\PNGSV\OCGSV44Stills\","OCGSV44","B131200441","OCGSV44Stills",720,480,"B13","EK000003","EK000003_OCGSV44","17:32","13/04/2017","strict","Y",1.18384737751124,0.244902318788271,0.730555555555556,4.59021593274509,0.244902318788271
"Da",161,760.9870024,279.3767324,"OCGSV44_10",1,"EK000017_08.jpeg","F:\Stills\PNGSV\OCGSV44Stills\","OCGSV44","B131200441","OCGSV44Stills",720,480,"B13","EK000017","EK000017_OCGSV44","06:25","29/05/2017","strict","Y",3.17246087342862,0.429568242271582,0.267361111111111,1.67987940504454,0.429568242271582
"Da",176,810.5234095,679.3463153,"OCGSV44_12",1,"EK000018_01.jpeg","F:\Stills\PNGSV\OCGSV44Stills\","OCGSV44","B131200441","OCGSV44Stills",720,480,"B13","EK000018","EK000018_OCGSV44","06:46","01/06/2017","strict","Y",0.80047424112192,0.482635466892417,0.281944444444444,1.77150919077424,0.482635466892417
"Da",198,670.9324107,569.8942821,"OCGSV44_13",1,"EK000019_01.jpeg","F:\Stills\PNGSV\OCGSV44Stills\","OCGSV44","B131200441","OCGSV44Stills",720,480,"B13","EK000019","EK000019_OCGSV44","06:48","01/06/2017","strict","Y",0.943920228464081,0.333094809383439,0.283333333333333,1.78023583703422,0.333094809383439
"Da",198,667.759888,566.7217594,"OCGSV44_14",1,"EK000019_01.jpeg","F:\Stills\PNGSV\OCGSV44Stills\","OCGSV44","B131200441","OCGSV44Stills",720,480,"B13","EK000019","EK000019_OCGSV44","06:48","01/06/2017","strict","Y",0.949259288675046,0.329696158076417,0.283333333333333,1.78023583703422,0.329696158076417
"Da",44,463.7053346,348.9083147,"OCGSV44_2",1,"EK000007_01.jpeg","F:\Stills\PNGSV\OCGSV44Stills\","OCGSV44","B131200441","OCGSV44Stills",720,480,"B13","EK000007","EK000007_OCGSV44","17:36","13/04/2017","strict","Y",1.56941701198345,0.111097162829905,0.733333333333333,4.60766922526503,0.111097162829905
"Da",96,629.3723328,700.3471427,"OCGSV44_6",1,"EK000012_09.jpeg","F:\Stills\PNGSV\OCGSV44Stills\","OCGSV44","B131200441","OCGSV44Stills",720,480,"B13","EK000012","EK000012_OCGSV44","06:55","29/04/2017","strict","Y",0.717273043767321,0.288572444555354,0.288194444444444,1.81077909894412,0.288572444555354
"Da",110,362.7065639,304.0521806,"OCGSV44_7",1,"EK000015_01.jpeg","F:\Stills\PNGSV\OCGSV44Stills\","OCGSV44","B131200441","OCGSV44Stills",720,480,"B13","EK000015","EK000015_OCGSV44","06:23","29/05/2017","strict","Y",1.71755950730378,0.00289948025786358,0.265972222222222,1.67115275878457,0.00289948025786358
"Mt",68,695.7316429,318.1906379,"OCGSV45_28",1,"a(03)_01.jpeg","F:\Stills\PNGSV\OCGSV45Stills\","OCGSV45","B131200426","OCGSV45Stills",720,480,"B13","a(3)","a(3)_OCGSV45","01:25","22/05/2017","strict","Y",2.39233234062515,0.359661661979853,0.0590277777777778,0.370882466048795,0.359661661979853
"Mt",90,774.5700266,328.8948342,"OCGSV45_30",1,"a(18)_01.jpeg","F:\Stills\PNGSV\OCGSV45Stills\","OCGSV45","B131200426","OCGSV45Stills",720,480,"B13","a(18)","a(18)_OCGSV45","22:08","31/05/2017","strict","Y",2.18403104208804,0.444119426712482,0.922222222222222,5.79449311662117,0.444119426712482
"Mt",112,303.1790609,399.8807679,"OCGSV45_31",1,"EK000019_01.jpeg","F:\Stills\PNGSV\OCGSV45Stills\","OCGSV45","B131200426","OCGSV45Stills",720,480,"B13","EK000019","EK000019_OCGSV45","02:33","21/04/2017","strict","Y",1.734582363994,-0.0608709778304963,0.10625,0.667588438887831,0.0608709778304963
"Mt",134,127.9325372,269.0004527,"OCGSV45_33",1,"EK000039_01.jpeg","F:\Stills\PNGSV\OCGSV45Stills\","OCGSV45","B131200426","OCGSV45Stills",720,480,"B13","EK000039","EK000039_OCGSV45","04:58","01/05/2017","strict","Y",4.88584765193561,-0.24860858702841,0.206944444444444,1.30027029273578,0.24860858702841
"Mt",183,-170.6576371,462.2243127,"OCGSV45_36",1,"EK000048_06.jpeg","F:\Stills\PNGSV\OCGSV45Stills\","OCGSV45","B131200426","OCGSV45Stills",720,480,"B13","EK000048","EK000048_OCGSV45","19:34","14/05/2017","strict","Y",1.48824830449467,-0.568481439679297,0.815277777777778,5.12254135460336,0.568481439679297
"Mt",0,-106.9817759,639.4599801,"OCGSV46_0",1,"PICT0004_01.jpeg","F:\Stills\PNGSV\OCGSV46Stills\","OCGSV46","B101028490","OCGSV46Stills",720,480,"B10","PICT0004","PICT0004_OCGSV46","00:22","14/04/2017","strict","Y",0.573166715002611,-0.5010257627822,0.0152777777777778,0.0959931088596881,0.5010257627822
"Mt",167,94.90193777,397.7959432,"OCGSV46_10",1,"PICT0016_01.jpeg","F:\Stills\PNGSV\OCGSV46Stills\","OCGSV46","B101028490","OCGSV46Stills",720,480,"B10","PICT0016","PICT0016_OCGSV46","21:16","14/04/2017","strict","Y",1.77637452799428,-0.284424287403694,0.886111111111111,5.56760031386191,0.284424287403694
"Mt",188,722.1743608,782.8824515,"OCGSV46_12",1,"PICT0018_01.jpeg","F:\Stills\PNGSV\OCGSV46Stills\","OCGSV46","B101028490","OCGSV46Stills",720,480,"B10","PICT0018","PICT0018_OCGSV46","23:45","23/04/2017","strict","Y",0.496187716894368,0.388577659225043,0.989583333333333,6.2177354602298,0.388577659225043
"Mt",251,349.0674737,766.7006952,"OCGSV46_14",1,"PICT0025_01.jpeg","F:\Stills\PNGSV\OCGSV46Stills\","OCGSV46","B101028490","OCGSV46Stills",720,480,"B10","PICT0025","PICT0025_OCGSV46","02:14","09/05/2017","strict","Y",0.473552528454824,-0.011729531239281,0.0930555555555556,0.5846852994181,0.011729531239281
"Mt",272,112.4248483,583.5457865,"OCGSV46_15",1,"PICT0026_01.jpeg","F:\Stills\PNGSV\OCGSV46Stills\","OCGSV46","B101028490","OCGSV46Stills",720,480,"B10","PICT0026","PICT0026_OCGSV46","23:25","15/05/2017","strict","Y",0.717928992565963,-0.265623918593718,0.975694444444445,6.13046899763008,0.265623918593718
"Mt",293,619.7477369,367.9740799,"OCGSV46_17",1,"PICT0028_01.jpeg","F:\Stills\PNGSV\OCGSV46Stills\","OCGSV46","B101028490","OCGSV46Stills",720,480,"B10","PICT0028","PICT0028_OCGSV46","03:30","18/05/2017","strict","Y",5.25678871360431,0.27868391172323,0.145833333333333,0.916297857297023,0.27868391172323
"Mt",377,628.3898546,689.6752347,"OCGSV46_22",1,"PICT0032_01.jpeg","F:\Stills\PNGSV\OCGSV46Stills\","OCGSV46","B101028490","OCGSV46Stills",720,480,"B10","PICT0032","PICT0032_OCGSV46","20:49","24/05/2017","strict","Y",0.610695344669406,0.287956058595238,0.867361111111111,5.44979058935229,0.287956058595238
"Mt",419,764.0779419,560.0177291,"OCGSV46_24",1,"PICT0034_01.jpeg","F:\Stills\PNGSV\OCGSV46Stills\","OCGSV46","B101028490","OCGSV46Stills",720,480,"B10","PICT0034","PICT0034_OCGSV46","21:52","24/05/2017","strict","Y",1.0090579209146,0.433536102503629,0.911111111111111,5.7246799465414,0.433536102503629
"Mt",440,629.2206711,412.0002311,"OCGSV46_25",1,"PICT0039_01.jpeg","F:\Stills\PNGSV\OCGSV46Stills\","OCGSV46","B101028490","OCGSV46Stills",720,480,"B10","PICT0039","PICT0039_OCGSV46","19:31","01/06/2017","strict","Y",2.60057902705767,0.28884744342464,0.813194444444444,5.1094513852134,0.28884744342464
"Mt",63,374.0253198,331.5643358,"OCGSV46_5",1,"PICT0007_01.jpeg","F:\Stills\PNGSV\OCGSV46Stills\","OCGSV46","B101028490","OCGSV46Stills",720,480,"B10","PICT0007","PICT0007_OCGSV46","00:27","14/04/2017","strict","Y",7.27249218923007,0.0150477961104933,0.01875,0.117809724509617,0.0150477961104933
"Mt",105,644.8712808,435.0479341,"OCGSV46_7",1,"PICT0009_01.jpeg","F:\Stills\PNGSV\OCGSV46Stills\","OCGSV46","B101028490","OCGSV46Stills",720,480,"B10","PICT0009","PICT0009_OCGSV46","00:30","14/04/2017","strict","Y",2.07730267667061,0.305639016602922,0.0208333333333333,0.130899693899575,0.305639016602922
"Mt",149,852.5949092,696.6064625,"OCGSV46_9",1,"PICT0015_03.jpeg","F:\Stills\PNGSV\OCGSV46Stills\","OCGSV46","B101028490","OCGSV46Stills",720,480,"B10","PICT0015","PICT0015_OCGSV46","21:15","14/04/2017","strict","Y",0.638164826795031,0.52850614919373,0.885416666666667,5.56323699073192,0.52850614919373
"Mt",43,787.0842576,317.9104631,"OCGSV53_20",1,"EK000167_01.jpeg","F:\Stills\PNGSV\OCGSV53Stills\","OCGSV53","B140926006","OCGSV53Stills",720,480,"B14","EK000167","EK000167_OCGSV53","18:26","13/05/2017","strict","Y",2.09485939690524,0.460215309070622,0.768055555555556,4.82583538176432,0.460215309070622
"Mt",131,7.216591768,335.5477431,"OCGSV53_27",1,"EK000171_01.jpeg","F:\Stills\PNGSV\OCGSV53Stills\","OCGSV53","B140926006","OCGSV53Stills",720,480,"B14","EK000171","EK000171_OCGSV53","18:30","13/05/2017","strict","Y",2.34133748507967,-0.380150573020038,0.770833333333333,4.84328867428426,0.380150573020038
"Mt",0,-19.55555556,285.3333333,"OCGSV54_0",1,"PICT0029_01.jpeg","F:\Stills\PNGSV\OCGSV54Stills\","OCGSV54","B110307278","OCGSV54Stills",720,480,"B11","PICT0029","PICT0029_OCGSV54","22:13","26/04/2017","strict","Y",3.10553842918943,-0.40542602380853,0.925694444444444,5.8163097322711,0.40542602380853
"Mt",0,490.6666667,304.8888889,"OCGSV56_0",1,"a(13)_01.jpeg","F:\Stills\PNGSV\OCGSV56Stills\","OCGSV56","B140621051","OCGSV56Stills",720,480,"B14","a(13)","a(13)_OCGSV56","03:11","29/05/2017","strict","Y",1.69054474714995,0.140803130367052,0.132638888888889,0.833394717827292,0.140803130367052
"Mt",24,740.9304553,450.0122427,"OCGSV56_2",1,"a(43)_03.jpeg","F:\Stills\PNGSV\OCGSV56Stills\","OCGSV56","B140621051","OCGSV56Stills",720,480,"B14","a(43)","a(43)_OCGSV56","23:12","09/06/2017","strict","Y",0.694872800916615,0.41048112661763,0.966666666666667,6.07374579694027,0.41048112661763
"Da",72,818.9173271,426.3282544,"OCGSV57_26",1,"a(07)_07.jpeg","F:\Stills\PNGSV\OCGSV57Stills\","OCGSV57","B100815620","OCGSV57Stills",720,480,"B10","a(7)","a(7)_OCGSV57","17:39","20/05/2017","strict","Y",1.32595514052866,0.492373398129102,0.735416666666667,4.62075919465499,0.492373398129102
"Da",78,752.2449207,488.3218954,"OCGSV57_27",1,"a(07)_13.jpeg","F:\Stills\PNGSV\OCGSV57Stills\","OCGSV57","B100815620","OCGSV57Stills",720,480,"B10","a(7)","a(7)_OCGSV57","17:39","20/05/2017","strict","Y",1.08642778733437,0.420840428328075,0.735416666666667,4.62075919465499,0.420840428328075
"Mt",108,217.6959784,269.5896148,"OCGSV57_31",1,"a(12)_01.jpeg","F:\Stills\PNGSV\OCGSV57Stills\","OCGSV57","B100815620","OCGSV57Stills",720,480,"B10","a(12)","a(12)_OCGSV57","23:48","22/05/2017","strict","Y",2.88174636627382,-0.152678294204745,0.991666666666667,6.23082542961976,0.152678294204745
"Mt",129,495.2398799,265.4835115,"OCGSV57_33",1,"a(24)_01.jpeg","F:\Stills\PNGSV\OCGSV57Stills\","OCGSV57","B100815620","OCGSV57Stills",720,480,"B10","a(24)","a(24)_OCGSV57","03:32","06/06/2017","strict","Y",3.01837146070664,0.145099161214335,0.147222222222222,0.925024503556995,0.145099161214335
"Mt",150,65.88575492,231.5771517,"OCGSV57_35",1,"PICT0030_01.jpeg","F:\Stills\PNGSV\OCGSV57Stills\","OCGSV57","B100815620","OCGSV57Stills",720,480,"B10","PICT0030","PICT0030_OCGSV57","19:37","27/04/2017","strict","Y",4.02625778160857,-0.315555813077111,0.817361111111111,5.13563132399331,0.315555813077111
"Da",170,112.4844313,269.1342939,"OCGSV57_37",1,"PICT0058_01.jpeg","F:\Stills\PNGSV\OCGSV57Stills\","OCGSV57","B100815620","OCGSV57Stills",720,480,"B10","PICT0058","PICT0058_OCGSV57","17:59","10/05/2017","strict","Y",2.87680983269988,-0.265559991863459,0.749305555555556,4.7080256572547,0.265559991863459
"Da",204,682.7965894,305.3004307,"OCGSV57_39",1,"PICT0059_15.jpeg","F:\Stills\PNGSV\OCGSV57Stills\","OCGSV57","B100815620","OCGSV57Stills",720,480,"B10","PICT0059","PICT0059_OCGSV57","18:03","10/05/2017","strict","Y",2.30341114740721,0.346329162665784,0.752083333333333,4.72547894977465,0.346329162665784
"Lt",210,610.4643157,337.2935518,"OCGSV57_41",1,"PICT0061_01.jpeg","F:\Stills\PNGSV\OCGSV57Stills\","OCGSV57","B100815620","OCGSV57Stills",720,480,"B10","PICT0061","PICT0061_OCGSV57","18:50","12/05/2017","strict","Y",1.92086073521061,0.268723708931602,0.784722222222222,4.93055513688398,0.268723708931602
"Mt",230,379.1818031,294.0095113,"OCGSV57_43",1,"PICT0062_01.jpeg","F:\Stills\PNGSV\OCGSV57Stills\","OCGSV57","B100815620","OCGSV57Stills",720,480,"B10","PICT0062","PICT0062_OCGSV57","20:29","12/05/2017","strict","Y",2.44330276436039,0.0205801982554743,0.853472222222222,5.36252412675258,0.0205801982554743
"Da",23,371.5555556,416.8888889,"OCGSV58_0",1,"a(8)_02.jpeg","F:\Stills\PNGSV\OCGSV58Stills\","OCGSV58","B110304357","OCGSV58Stills",720,480,"B11","a(8)","a(8)_OCGSV58","17:03","05/06/2017","strict","Y",0.862124141964873,0.0123431811000479,0.710416666666667,4.4636795619755,0.0123431811000479
"Da",0,400,272,"OCGSV60_0",1,"a(07)_01.jpeg","F:\Stills\PNGSV\OCGSV60Stills\","OCGSV60","B131000470","OCGSV60Stills",720,480,"B13","a(7)","a(7)_OCGSV60","06:15","30/05/2017","strict","Y",2.57313852918691,0.0428510889081707,0.260416666666667,1.63624617374468,0.0428510889081707
"Da",66,128.9094142,304.8639525,"OCGSV60_6",1,"a(14)_01.jpeg","F:\Stills\PNGSV\OCGSV60Stills\","OCGSV60","B131000470","OCGSV60Stills",720,480,"B13","a(14)","a(14)_OCGSV60","17:55","05/06/2017","strict","Y",1.93755572767343,-0.247562080948926,0.746527777777778,4.69057236473476,0.247562080948926
"Lt",0,384,347.5555556,"OCPD08_0",1,"a(4)_01.jpeg","F:\Stills\APAPD\OCPD08Stills\","OCPD08","B1210811916","OCPD08Stills",720,480,"B12","a(4)","a(4)_OCPD08","05:13","05/06/2015","multiple-use","Y",1.68947395471113,0.0256062246645317,0.217361111111111,1.36572013968556,0.0256062246645317
"Lt",0,261.4520597,393.1883277,"OCPD11_0",1,"a(4)_01.jpeg","F:\Stills\APAPD\OCPD11Stills\","OCPD11","B120521018","OCPD11Stills",720,480,"B12","a(4)","a(4)_OCPD11","23:49","28/05/2015","multiple-use","Y",2.5631099651027,-0.105143362481194,0.992361111111111,6.23518875274974,0.105143362481194
"Lt",23,-70.40513194,761.7955104,"OCPD11_2",1,"a(5)_02.jpeg","F:\Stills\APAPD\OCPD11Stills\","OCPD11","B120521018","OCPD11Stills",720,480,"B12","a(5)","a(5)_OCPD11","19:42","30/05/2015","multiple-use","Y",0.913194178449545,-0.459210437717627,0.820833333333333,5.15744793964324,0.459210437717627
"Lt",43,175.5729757,380.7062761,"OCPD11_3",1,"a(8)_01.jpeg","F:\Stills\APAPD\OCPD11Stills\","OCPD11","B120521018","OCPD11Stills",720,480,"B12","a(8)","a(8)_OCPD11","10:05","07/06/2015","multiple-use","Y",2.81543507744335,-0.196769992434869,0.420138888888889,2.63981049364142,0.196769992434869
"Lt",65,474.6575015,426.7878277,"OCPD11_5",1,"a(9)_01.jpeg","F:\Stills\APAPD\OCPD11Stills\","OCPD11","B120521018","OCPD11Stills",720,480,"B12","a(9)","a(9)_OCPD11","05:07","11/06/2015","multiple-use","Y",2.0737377120233,0.12233107262012,0.213194444444444,1.33954020090565,0.12233107262012
"Lt",86,199.2525137,373.1991725,"OCPD11_7",1,"PICT0004_01.jpeg","F:\Stills\APAPD\OCPD11Stills\","OCPD11","B120521018","OCPD11Stills",720,480,"B12","PICT0004","PICT0004_OCPD11","10:35","17/04/2015","multiple-use","Y",2.91747650701459,-0.171505677019022,0.440972222222222,2.770710187541,0.171505677019022
"Lt",0,144.4444444,266.6666667,"OCPD21_0",1,"a(10)_01.jpeg","F:\Stills\APAPD\OCPD21Stills\","OCPD21","B100817126","OCPD21Stills",720,480,"B10","a(10)","a(10)_OCPD21","01:33","09/06/2015","multiple-use","Y",2.18157432199915,-0.231270024313664,0.0645833333333333,0.405789051088682,0.231270024313664
"Lt",0,612.8888889,281.7777778,"OCPD31_0",1,"a(24)_01.jpeg","F:\Stills\APAPD\OCPD31Stills\","OCPD31","B121017980","OCPD31Stills",720,480,"B12","a(24)","a(24)_OCPD31","15:55","15/06/2015","multiple-use","Y",2.24619757719279,0.269813737680717,0.663194444444444,4.16697358913646,0.269813737680717
"Lt",0,-84.5482913,611.3870693,"OCPD33_0",1,"a(7)_01.jpeg","F:\Stills\APAPD\OCPD33Stills\","OCPD33","B120100128","OCPD33Stills",720,480,"B12","a(7)","a(7)_OCPD33","17:27","10/06/2015","multiple-use","Y",0.579630561167716,-0.474300142552562,0.727083333333333,4.56839931709516,0.474300142552562
"Lt",0,816.4103152,416.0776663,"OCPD35_0",1,"EK000036_01.jpeg","F:\Stills\APAPD\OCPD35Stills\","OCPD35","B131200711","OCPD35Stills",720,480,"B13","EK000036","EK000036_OCPD35","11:10","12/05/2015","multiple-use","Y",1.29779718538123,0.488941974881035,0.465277777777778,2.9234264970905,0.488941974881035
"Lt",0,444,265.7777778,"OCPD37_0",1,"a(9)_01.jpeg","F:\Stills\APAPD\OCPD37Stills\","OCPD37","B120100832","OCPD37Stills",720,480,"B12","a(9)","a(9)_OCPD37","21:41","19/06/2015","multiple-use","Y",4.14634447633043,0.0896217863258611,0.903472222222222,5.67668339211156,0.0896217863258611
"Lt",0,847.0143818,671.3565546,"OCPD41_0",1,"EK000011_01.jpeg","F:\Stills\APAPD\OCPD41Stills\","OCPD41","B131200699","OCPD41Stills",720,480,"B13","EK000011","EK000011_OCPD41","04:33","14/05/2015","multiple-use","Y",0.65081909893765,0.52172741435174,0.189583333333333,1.19118721448613,0.52172741435174
"Lt",4,-90.73124129,601.5183315,"OCPD44_0",1,"PICT0008_05.jpeg","F:\Stills\APAPD\OCPD44Stills\","OCPD44","B120102688","OCPD44Stills",720,480,"B12","PICT0008","PICT0008_OCPD44","15:55","30/04/2015","multiple-use","Y",0.673430244086139,-0.480896892824792,0.663194444444444,4.16697358913646,0.480896892824792
"Lt",22,470.1264142,370.2230409,"OCPD44_1",1,"PICT0010_01.jpeg","F:\Stills\APAPD\OCPD44Stills\","OCPD44","B120102688","OCPD44Stills",720,480,"B12","PICT0010","PICT0010_OCPD44","01:31","16/05/2015","multiple-use","Y",1.35864169930911,0.11749673764602,0.0631944444444444,0.39706240482871,0.11749673764602
"Lt",0,718.621305,331.4073251,"OCPD45_0",1,"EK000014_01.jpeg","F:\Stills\APAPD\OCPD45Stills\","OCPD45","B131200426","OCPD45Stills",720,480,"B13","EK000014","EK000014_OCPD45","18:52","19/05/2015","multiple-use","Y",1.82191663943761,0.38418283562298,0.786111111111111,4.93928178314395,0.38418283562298
"Lt",0,506.6666667,267.5555556,"OCPD46_0",1,"a(5)_01.jpeg","F:\Stills\APAPD\OCPD46Stills\","OCPD46","B100815620","OCPD46Stills",720,480,"B10","a(5)","a(5)_OCPD46","04:30","03/06/2015","multiple-use","Y",1.52313996752285,0.157358985618801,0.1875,1.17809724509617,0.157358985618801
"Lt",0,477.3333333,251.5555556,"OCPD55_0",1,"EK000044_01.jpeg","F:\Stills\APAPD\OCPD55Stills\","OCPD55","B131200441","OCPD55Stills",720,480,"B13","EK000044","EK000044_OCPD55","01:42","23/06/2015","multiple-use","Y",2.89619097841701,0.125696527428258,0.0708333333333333,0.445058959258554,0.125696527428258
"Lt",0,322.6666667,291.5555556,"OCPD57_0",1,"a(14)_01.jpeg","F:\Stills\APAPD\OCPD57Stills\","OCPD57","B110307295","OCPD57Stills",720,480,"B11","a(14)","a(14)_OCPD57","00:37","02/06/2015","multiple-use","Y",2.64463646426954,-0.0398779695188651,0.0256944444444444,0.161442955809475,0.0398779695188651
"Da",0,701.1198552,419.6645531,"OCPD62_0",1,"a(05)_01.jpeg","F:\Stills\APAPD\OCPD62Stills\","OCPD62","B101014253","OCPD62Stills",720,480,"B10","a(5)","a(5)_OCPD62","16:09","30/05/2015","multiple-use","Y",1.40533749890594,0.365988234385259,0.672916666666667,4.22806011295626,0.365988234385259
"Da",147,304.0408873,315.1029596,"OCPD62_13",1,"a(17)_01.jpeg","F:\Stills\APAPD\OCPD62Stills\","OCPD62","B101014253","OCPD62Stills",720,480,"B10","a(17)","a(17)_OCPD62","09:16","15/06/2015","multiple-use","Y",2.48520473410596,-0.0600386536949923,0.386111111111111,2.42600766027212,0.0600386536949923
"Lt",168,230.5389387,381.1482027,"OCPD62_15",1,"a(23)_01.jpeg","F:\Stills\APAPD\OCPD62Stills\","OCPD62","B101014253","OCPD62Stills",720,480,"B10","a(23)","a(23)_OCPD62","04:01","18/06/2015","multiple-use","Y",1.77819637871051,-0.13889905417276,0.167361111111111,1.05156087432658,0.13889905417276
"Da",192,739.4004733,262.0231091,"OCPD62_17",1,"a(24)_05.jpeg","F:\Stills\APAPD\OCPD62Stills\","OCPD62","B101014253","OCPD62Stills",720,480,"B10","a(24)","a(24)_OCPD62","17:54","22/06/2015","multiple-use","Y",3.17689826201904,0.407059592783266,0.745833333333333,4.68620904160477,0.407059592783266
"Da",208,646.3841975,221.9907878,"OCPD62_19",1,"a(26)_01.jpeg","F:\Stills\APAPD\OCPD62Stills\","OCPD62","B101014253","OCPD62Stills",720,480,"B10","a(26)","a(26)_OCPD62","06:24","26/06/2015","multiple-use","Y",4.93046371438797,0.307262228220084,0.266666666666667,1.67551608191456,0.307262228220084
"Da",21,652.7948729,418.5785984,"OCPD62_2",1,"a(07)_01.jpeg","F:\Stills\APAPD\OCPD62Stills\","OCPD62","B101014253","OCPD62Stills",720,480,"B10","a(7)","a(7)_OCPD62","16:00","02/06/2015","multiple-use","Y",1.4213650760241,0.314140255796307,0.666666666666667,4.18879020478639,0.314140255796307
"Da",233,761.7714764,279.6844273,"OCPD62_21",1,"a(28)_05.jpeg","F:\Stills\APAPD\OCPD62Stills\","OCPD62","B101014253","OCPD62Stills",720,480,"B10","a(28)","a(28)_OCPD62","17:10","26/06/2015","multiple-use","Y",2.7614347258334,0.431061490653431,0.715277777777778,4.4942228238854,0.431061490653431
"Da",250,487.4323338,472.7815062,"OCPD62_23",1,"a(29)_01.jpeg","F:\Stills\APAPD\OCPD62Stills\","OCPD62","B101014253","OCPD62Stills",720,480,"B10","a(29)","a(29)_OCPD62","16:33","27/06/2015","multiple-use","Y",1.21445901709468,0.136722428026684,0.689583333333333,4.33277986807592,0.136722428026684
"Da",271,619.3035096,355.0393849,"OCPD62_25",1,"a(32)_01.jpeg","F:\Stills\APAPD\OCPD62Stills\","OCPD62","B101014253","OCPD62Stills",720,480,"B10","a(32)","a(32)_OCPD62","16:43","27/06/2015","multiple-use","Y",1.85774337320357,0.278207299287119,0.696527777777778,4.37641309937578,0.278207299287119
"Da",292,190.7221881,342.0877516,"OCPD62_27",1,"PICT0009_01.jpeg","F:\Stills\APAPD\OCPD62Stills\","OCPD62","B101014253","OCPD62Stills",720,480,"B10","PICT0009","PICT0009_OCPD62","07:43","22/04/2015","multiple-use","Y",2.1801681375374,-0.181618532470229,0.321527777777778,2.02021860918344,0.181618532470229
"Da",313,38.83485161,286.7489545,"OCPD62_29",1,"PICT0017_01.jpeg","F:\Stills\APAPD\OCPD62Stills\","OCPD62","B101014253","OCPD62Stills",720,480,"B10","PICT0017","PICT0017_OCPD62","10:15","27/04/2015","multiple-use","Y",3.31800624838303,-0.344578786058701,0.427083333333333,2.68344372494128,0.344578786058701
"Da",355,416.787061,431.5717637,"OCPD62_32",1,"PICT0023_01.jpeg","F:\Stills\APAPD\OCPD62Stills\","OCPD62","B101014253","OCPD62Stills",720,480,"B10","PICT0023","PICT0023_OCPD62","05:58","29/04/2015","multiple-use","Y",1.40666546663846,0.0609269612263778,0.248611111111111,1.56206968053493,0.0609269612263778
"Da",375,486.2549125,402.1362334,"OCPD62_34",1,"PICT0026_01.jpeg","F:\Stills\APAPD\OCPD62Stills\","OCPD62","B101014253","OCPD62Stills",720,480,"B10","PICT0026","PICT0026_OCPD62","18:06","29/04/2015","multiple-use","Y",1.55377428621349,0.135459170153694,0.754166666666667,4.73856891916461,0.135459170153694
"Da",400,436.6001136,648.4824042,"OCPD62_36",1,"PICT0033_06.jpeg","F:\Stills\APAPD\OCPD62Stills\","OCPD62","B101014253","OCPD62Stills",720,480,"B10","PICT0033","PICT0033_OCPD62","17:25","02/05/2015","multiple-use","Y",0.790650870850426,0.0821844284430097,0.725694444444445,4.55967267083519,0.0821844284430097
"Da",416,-146.6407228,613.7656878,"OCPD62_37",1,"PICT0053_01.jpeg","F:\Stills\APAPD\OCPD62Stills\","OCPD62","B101014253","OCPD62Stills",720,480,"B10","PICT0053","PICT0053_OCPD62","15:34","04/05/2015","multiple-use","Y",0.898493940083275,-0.543575933146806,0.648611111111111,4.07534380340676,0.543575933146806
"Da",42,322.6646565,351.2494095,"OCPD62_4",1,"a(08)_01.jpeg","F:\Stills\APAPD\OCPD62Stills\","OCPD62","B101014253","OCPD62Stills",720,480,"B10","a(8)","a(8)_OCPD62","06:39","03/06/2015","multiple-use","Y",2.01471021909454,-0.0400571712242336,0.277083333333333,1.74096592886434,0.0400571712242336
"Da",491,750.7863975,448.8612846,"OCPD62_43",1,"PICT0056_13.jpeg","F:\Stills\APAPD\OCPD62Stills\","OCPD62","B101014253","OCPD62Stills",720,480,"B10","PICT0056","PICT0056_OCPD62","06:35","06/05/2015","multiple-use","Y",1.26383293052658,0.419275575615339,0.274305555555556,1.7235126363444,0.419275575615339
"Da",512,721.5224425,300.917841,"OCPD62_45",1,"PICT0057_13.jpeg","F:\Stills\APAPD\OCPD62Stills\","OCPD62","B101014253","OCPD62Stills",720,480,"B10","PICT0057","PICT0057_OCPD62","06:39","06/05/2015","multiple-use","Y",2.42862015988103,0.387878214663423,0.277083333333333,1.74096592886434,0.387878214663423
"Da",521,327.0400463,224.0151356,"OCPD62_46",1,"PICT0058_01.jpeg","F:\Stills\APAPD\OCPD62Stills\","OCPD62","B101014253","OCPD62Stills",720,480,"B10","PICT0058","PICT0058_OCPD62","08:15","06/05/2015","multiple-use","Y",5.77369425098477,-0.0353628059938356,0.34375,2.15984494934298,0.0353628059938356
"Da",542,461.3880013,448.8273813,"OCPD62_48",1,"PICT0061_01.jpeg","F:\Stills\APAPD\OCPD62Stills\","OCPD62","B101014253","OCPD62Stills",720,480,"B10","PICT0061","PICT0061_OCPD62","08:27","08/05/2015","multiple-use","Y",1.31639964188169,0.108779407055861,0.352083333333333,2.21220482690281,0.108779407055861
"Da",545,-38.73644876,398.9128081,"OCPD62_50",1,"PICT0061_04.jpeg","F:\Stills\APAPD\OCPD62Stills\","OCPD62","B101014253","OCPD62Stills",720,480,"B10","PICT0061","PICT0061_OCPD62","08:27","08/05/2015","multiple-use","Y",1.72940415116191,-0.427805202899021,0.352083333333333,2.21220482690281,0.427805202899021
"Da",563,214.7512862,248.1903711,"OCPD62_52",1,"PICT0062_01.jpeg","F:\Stills\APAPD\OCPD62Stills\","OCPD62","B101014253","OCPD62Stills",720,480,"B10","PICT0062","PICT0062_OCPD62","08:43","08/05/2015","multiple-use","Y",4.49510690656022,-0.155837660869152,0.363194444444444,2.28201799698259,0.155837660869152
"Da",584,390.9203684,327.466458,"OCPD62_54",1,"PICT0063_01.jpeg","F:\Stills\APAPD\OCPD62Stills\","OCPD62","B101014253","OCPD62Stills",720,480,"B10","PICT0063","PICT0063_OCPD62","08:56","08/05/2015","multiple-use","Y",2.25586997046882,0.0331745304905305,0.372222222222222,2.3387411976724,0.0331745304905305
"Da",609,312.1549408,536.2204214,"OCPD62_56",1,"PICT0069_05.jpeg","F:\Stills\APAPD\OCPD62Stills\","OCPD62","B101014253","OCPD62Stills",720,480,"B10","PICT0069","PICT0069_OCPD62","06:34","09/05/2015","multiple-use","Y",1.03553172631573,-0.0513330680514026,0.273611111111111,1.71914931321441,0.0513330680514026
"Da",626,357.3674128,326.1154046,"OCPD62_58",1,"PICT0070_01.jpeg","F:\Stills\APAPD\OCPD62Stills\","OCPD62","B101014253","OCPD62Stills",720,480,"B10","PICT0070","PICT0070_OCPD62","07:09","09/05/2015","multiple-use","Y",2.29253567240921,-0.00282450853125606,0.297916666666667,1.87186562276392,0.00282450853125606
"Da",63,798.5902698,455.9946688,"OCPD62_6",1,"a(10)_01.jpeg","F:\Stills\APAPD\OCPD62Stills\","OCPD62","B101014253","OCPD62Stills",720,480,"B10","a(10)","a(10)_OCPD62","06:27","05/06/2015","multiple-use","Y",1.22760716608048,0.470564454152173,0.26875,1.68860605130451,0.470564454152173
"Da",647,-16.30037025,327.4451832,"OCPD62_60",1,"PICT0071_01.jpeg","F:\Stills\APAPD\OCPD62Stills\","OCPD62","B101014253","OCPD62Stills",720,480,"B10","PICT0071","PICT0071_OCPD62","10:37","09/05/2015","multiple-use","Y",2.50692269750776,-0.403733485479964,0.442361111111111,2.77943683380097,0.403733485479964
"Da",668,333.4313982,264.9455896,"OCPD62_62",1,"PICT0072_01.jpeg","F:\Stills\APAPD\OCPD62Stills\","OCPD62","B101014253","OCPD62Stills",720,480,"B10","PICT0072","PICT0072_OCPD62","10:41","09/05/2015","multiple-use","Y",3.59707362371842,-0.0285055106427795,0.445138888888889,2.79689012632091,0.0285055106427795
"Da",689,189.8153108,238.3500178,"OCPD62_64",1,"PICT0128_01.jpeg","F:\Stills\APAPD\OCPD62Stills\","OCPD62","B101014253","OCPD62Stills",720,480,"B10","PICT0128","PICT0128_OCPD62","16:23","15/05/2015","multiple-use","Y",5.13558785511039,-0.18259152309734,0.682638888888889,4.28914663677606,0.18259152309734
"Da",710,667.2058236,439.1465845,"OCPD62_66",1,"PICT0194_01.jpeg","F:\Stills\APAPD\OCPD62Stills\","OCPD62","B101014253","OCPD62Stills",720,480,"B10","PICT0194","PICT0194_OCPD62","16:54","18/05/2015","multiple-use","Y",1.32024751961109,0.329601796137938,0.704166666666667,4.42440965380562,0.329601796137938
